Consolidate compiler generated dependencies of target only_ua_h
Consolidate compiler generated dependencies of target OPCUAPacking
[  4%] Built target only_ua_h
[ 13%] Built target OPCUAPacking
Consolidate compiler generated dependencies of target file_platform
[ 13%] Built target check_encapsulation
[ 17%] Linking CXX executable ../../bin/file_platform
Consolidate compiler generated dependencies of target tests
[ 21%] Building CXX object tests-build/CMakeFiles/tests.dir/test14.cpp.o
/usr/bin/ld: CMakeFiles/file_platform.dir/src/main_uaPacking.cpp.o: in function `main':
/root/Cross_platform_file_transfer_tool-main/Cross_platform_file_transfer_tool-main/src/main_uaPacking.cpp:15: undefined reference to `spdlog::logger::set_pattern(std::__cxx11::basic_string<char, std::char_traits<char>, std::allocator<char> >, spdlog::pattern_time_type)'
/usr/bin/ld: /root/Cross_platform_file_transfer_tool-main/Cross_platform_file_transfer_tool-main/src/main_uaPacking.cpp:19: undefined reference to `spdlog::set_default_logger(std::shared_ptr<spdlog::logger>)'
/usr/bin/ld: /root/Cross_platform_file_transfer_tool-main/Cross_platform_file_transfer_tool-main/src/main_uaPacking.cpp:22: undefined reference to `std::shared_ptr<spdlog::logger> spdlog::stderr_color_mt<spdlog::synchronous_factory>(std::__cxx11::basic_string<char, std::char_traits<char>, std::allocator<char> > const&, spdlog::color_mode)'
/usr/bin/ld: /root/Cross_platform_file_transfer_tool-main/Cross_platform_file_transfer_tool-main/src/main_uaPacking.cpp:23: undefined reference to `spdlog::set_default_logger(std::shared_ptr<spdlog::logger>)'
/usr/bin/ld: CMakeFiles/file_platform.dir/src/main_uaPacking.cpp.o: in function `std::shared_ptr<spdlog::logger> spdlog::synchronous_factory::create<spdlog::sinks::rotating_file_sink<std::mutex>, std::__cxx11::basic_string<char, std::char_traits<char>, std::allocator<char> > const&, unsigned long&, unsigned long&, bool&, spdlog::file_event_handlers const&>(std::__cxx11::basic_string<char, std::char_traits<char>, std::allocator<char> >, std::__cxx11::basic_string<char, std::char_traits<char>, std::allocator<char> > const&, unsigned long&, unsigned long&, bool&, spdlog::file_event_handlers const&)':
/root/.conan2/p/b/spdlo3b2989ab5aced/p/include/spdlog/details/synchronous_factory.h:18: undefined reference to `spdlog::details::registry::initialize_logger(std::shared_ptr<spdlog::logger>)'
/usr/bin/ld: CMakeFiles/file_platform.dir/src/main_uaPacking.cpp.o: in function `void __gnu_cxx::new_allocator<spdlog::sinks::rotating_file_sink<std::mutex> >::construct<spdlog::sinks::rotating_file_sink<std::mutex>, std::__cxx11::basic_string<char, std::char_traits<char>, std::allocator<char> > const&, unsigned long&, unsigned long&, bool&, spdlog::file_event_handlers const&>(spdlog::sinks::rotating_file_sink<std::mutex>*, std::__cxx11::basic_string<char, std::char_traits<char>, std::allocator<char> > const&, unsigned long&, unsigned long&, bool&, spdlog::file_event_handlers const&)':
/usr/include/c++/11/ext/new_allocator.h:162: undefined reference to `spdlog::sinks::rotating_file_sink<std::mutex>::rotating_file_sink(std::__cxx11::basic_string<char, std::char_traits<char>, std::allocator<char> >, unsigned long, unsigned long, bool, spdlog::file_event_handlers const&)'
/usr/bin/ld: CMakeFiles/file_platform.dir/src/main_uaPacking.cpp.o:(.data.rel.ro._ZTVN6spdlog5sinks18rotating_file_sinkISt5mutexEE[_ZTVN6spdlog5sinks18rotating_file_sinkISt5mutexEE]+0x20): undefined reference to `spdlog::sinks::base_sink<std::mutex>::log(spdlog::details::log_msg const&)'
/usr/bin/ld: CMakeFiles/file_platform.dir/src/main_uaPacking.cpp.o:(.data.rel.ro._ZTVN6spdlog5sinks18rotating_file_sinkISt5mutexEE[_ZTVN6spdlog5sinks18rotating_file_sinkISt5mutexEE]+0x28): undefined reference to `spdlog::sinks::base_sink<std::mutex>::flush()'
/usr/bin/ld: CMakeFiles/file_platform.dir/src/main_uaPacking.cpp.o:(.data.rel.ro._ZTVN6spdlog5sinks18rotating_file_sinkISt5mutexEE[_ZTVN6spdlog5sinks18rotating_file_sinkISt5mutexEE]+0x30): undefined reference to `spdlog::sinks::base_sink<std::mutex>::set_pattern(std::__cxx11::basic_string<char, std::char_traits<char>, std::allocator<char> > const&)'
/usr/bin/ld: CMakeFiles/file_platform.dir/src/main_uaPacking.cpp.o:(.data.rel.ro._ZTVN6spdlog5sinks18rotating_file_sinkISt5mutexEE[_ZTVN6spdlog5sinks18rotating_file_sinkISt5mutexEE]+0x38): undefined reference to `spdlog::sinks::base_sink<std::mutex>::set_formatter(std::unique_ptr<spdlog::formatter, std::default_delete<spdlog::formatter> >)'
/usr/bin/ld: CMakeFiles/file_platform.dir/src/main_uaPacking.cpp.o:(.data.rel.ro._ZTVN6spdlog5sinks18rotating_file_sinkISt5mutexEE[_ZTVN6spdlog5sinks18rotating_file_sinkISt5mutexEE]+0x40): undefined reference to `spdlog::sinks::rotating_file_sink<std::mutex>::sink_it_(spdlog::details::log_msg const&)'
/usr/bin/ld: CMakeFiles/file_platform.dir/src/main_uaPacking.cpp.o:(.data.rel.ro._ZTVN6spdlog5sinks18rotating_file_sinkISt5mutexEE[_ZTVN6spdlog5sinks18rotating_file_sinkISt5mutexEE]+0x48): undefined reference to `spdlog::sinks::rotating_file_sink<std::mutex>::flush_()'
/usr/bin/ld: CMakeFiles/file_platform.dir/src/main_uaPacking.cpp.o:(.data.rel.ro._ZTVN6spdlog5sinks18rotating_file_sinkISt5mutexEE[_ZTVN6spdlog5sinks18rotating_file_sinkISt5mutexEE]+0x50): undefined reference to `spdlog::sinks::base_sink<std::mutex>::set_pattern_(std::__cxx11::basic_string<char, std::char_traits<char>, std::allocator<char> > const&)'
/usr/bin/ld: CMakeFiles/file_platform.dir/src/main_uaPacking.cpp.o:(.data.rel.ro._ZTVN6spdlog5sinks18rotating_file_sinkISt5mutexEE[_ZTVN6spdlog5sinks18rotating_file_sinkISt5mutexEE]+0x58): undefined reference to `spdlog::sinks::base_sink<std::mutex>::set_formatter_(std::unique_ptr<spdlog::formatter, std::default_delete<spdlog::formatter> >)'
/usr/bin/ld: CMakeFiles/file_platform.dir/src/main_uaPacking.cpp.o:(.data.rel.ro._ZTVN6spdlog5sinks9base_sinkISt5mutexEE[_ZTVN6spdlog5sinks9base_sinkISt5mutexEE]+0x20): undefined reference to `spdlog::sinks::base_sink<std::mutex>::log(spdlog::details::log_msg const&)'
/usr/bin/ld: CMakeFiles/file_platform.dir/src/main_uaPacking.cpp.o:(.data.rel.ro._ZTVN6spdlog5sinks9base_sinkISt5mutexEE[_ZTVN6spdlog5sinks9base_sinkISt5mutexEE]+0x28): undefined reference to `spdlog::sinks::base_sink<std::mutex>::flush()'
/usr/bin/ld: CMakeFiles/file_platform.dir/src/main_uaPacking.cpp.o:(.data.rel.ro._ZTVN6spdlog5sinks9base_sinkISt5mutexEE[_ZTVN6spdlog5sinks9base_sinkISt5mutexEE]+0x30): undefined reference to `spdlog::sinks::base_sink<std::mutex>::set_pattern(std::__cxx11::basic_string<char, std::char_traits<char>, std::allocator<char> > const&)'
/usr/bin/ld: CMakeFiles/file_platform.dir/src/main_uaPacking.cpp.o:(.data.rel.ro._ZTVN6spdlog5sinks9base_sinkISt5mutexEE[_ZTVN6spdlog5sinks9base_sinkISt5mutexEE]+0x38): undefined reference to `spdlog::sinks::base_sink<std::mutex>::set_formatter(std::unique_ptr<spdlog::formatter, std::default_delete<spdlog::formatter> >)'
/usr/bin/ld: CMakeFiles/file_platform.dir/src/main_uaPacking.cpp.o:(.data.rel.ro._ZTVN6spdlog5sinks9base_sinkISt5mutexEE[_ZTVN6spdlog5sinks9base_sinkISt5mutexEE]+0x50): undefined reference to `spdlog::sinks::base_sink<std::mutex>::set_pattern_(std::__cxx11::basic_string<char, std::char_traits<char>, std::allocator<char> > const&)'
/usr/bin/ld: CMakeFiles/file_platform.dir/src/main_uaPacking.cpp.o:(.data.rel.ro._ZTVN6spdlog5sinks9base_sinkISt5mutexEE[_ZTVN6spdlog5sinks9base_sinkISt5mutexEE]+0x58): undefined reference to `spdlog::sinks::base_sink<std::mutex>::set_formatter_(std::unique_ptr<spdlog::formatter, std::default_delete<spdlog::formatter> >)'
/usr/bin/ld: /usr/bin/ld: DWARF error: invalid or unhandled FORM value: 0x23
/root/.conan2/p/b/spdlo3b2989ab5aced/p/lib/libspdlogd.a(spdlog.cpp.o): in function `spdlog::spdlog_ex::spdlog_ex(std::__1::basic_string<char, std::__1::char_traits<char>, std::__1::allocator<char> > const&, int)':
spdlog.cpp:(.text+0x29b): undefined reference to `std::__1::basic_string<char, std::__1::char_traits<char>, std::__1::allocator<char> >::~basic_string()'
/usr/bin/ld: spdlog.cpp:(.text+0x2f1): undefined reference to `std::__1::basic_string<char, std::__1::char_traits<char>, std::__1::allocator<char> >::~basic_string()'
/usr/bin/ld: /root/.conan2/p/b/spdlo3b2989ab5aced/p/lib/libspdlogd.a(spdlog.cpp.o): in function `spdlog::throw_spdlog_ex(std::__1::basic_string<char, std::__1::char_traits<char>, std::__1::allocator<char> >)':
spdlog.cpp:(.text+0x41a): undefined reference to `std::__1::basic_string<char, std::__1::char_traits<char>, std::__1::allocator<char> >::~basic_string()'
/usr/bin/ld: /root/.conan2/p/b/spdlo3b2989ab5aced/p/lib/libspdlogd.a(spdlog.cpp.o): in function `spdlog::details::os::now()':
spdlog.cpp:(.text+0xb89): undefined reference to `std::__1::chrono::system_clock::now()'
/usr/bin/ld: /root/.conan2/p/b/spdlo3b2989ab5aced/p/lib/libspdlogd.a(spdlog.cpp.o): in function `spdlog::details::os::filesize(_IO_FILE*)':
spdlog.cpp:(.text+0x1363): undefined reference to `std::__1::basic_string<char, std::__1::char_traits<char>, std::__1::allocator<char> >::~basic_string()'
/usr/bin/ld: spdlog.cpp:(.text+0x13e6): undefined reference to `std::__1::basic_string<char, std::__1::char_traits<char>, std::__1::allocator<char> >::~basic_string()'
/usr/bin/ld: /root/.conan2/p/b/spdlo3b2989ab5aced/p/lib/libspdlogd.a(spdlog.cpp.o): in function `spdlog::details::os::filename_to_str(std::__1::basic_string<char, std::__1::char_traits<char>, std::__1::allocator<char> > const&)':
spdlog.cpp:(.text+0x14ac): undefined reference to `std::__1::basic_string<char, std::__1::char_traits<char>, std::__1::allocator<char> >::basic_string(std::__1::basic_string<char, std::__1::char_traits<char>, std::__1::allocator<char> > const&)'
/usr/bin/ld: /root/.conan2/p/b/spdlo3b2989ab5aced/p/lib/libspdlogd.a(spdlog.cpp.o): in function `spdlog::details::os::create_dir(std::__1::basic_string<char, std::__1::char_traits<char>, std::__1::allocator<char> > const&)':
spdlog.cpp:(.text+0x172b): undefined reference to `std::__1::basic_string<char, std::__1::char_traits<char>, std::__1::allocator<char> >::~basic_string()'
/usr/bin/ld: spdlog.cpp:(.text+0x174c): undefined reference to `std::__1::basic_string<char, std::__1::char_traits<char>, std::__1::allocator<char> >::~basic_string()'
/usr/bin/ld: /root/.conan2/p/b/spdlo3b2989ab5aced/p/lib/libspdlogd.a(spdlog.cpp.o): in function `spdlog::details::registry::registry()':
spdlog.cpp:(.text+0x1932): undefined reference to `std::__1::recursive_mutex::recursive_mutex()'
/usr/bin/ld: spdlog.cpp:(.text+0x19d4): undefined reference to `std::__1::basic_string<char, std::__1::char_traits<char>, std::__1::allocator<char> >::~basic_string()'
/usr/bin/ld: spdlog.cpp:(.text+0x1b25): undefined reference to `std::__1::basic_string<char, std::__1::char_traits<char>, std::__1::allocator<char> >::~basic_string()'
/usr/bin/ld: spdlog.cpp:(.text+0x1b6e): undefined reference to `std::__1::basic_string<char, std::__1::char_traits<char>, std::__1::allocator<char> >::~basic_string()'
/usr/bin/ld: spdlog.cpp:(.text+0x1bc2): undefined reference to `std::__1::basic_string<char, std::__1::char_traits<char>, std::__1::allocator<char> >::~basic_string()'
/usr/bin/ld: spdlog.cpp:(.text+0x1c2b): undefined reference to `std::__1::recursive_mutex::~recursive_mutex()'
/usr/bin/ld: /root/.conan2/p/b/spdlo3b2989ab5aced/p/lib/libspdlogd.a(spdlog.cpp.o): in function `spdlog::details::registry::~registry()':
spdlog.cpp:(.text+0x1cc6): undefined reference to `std::__1::recursive_mutex::~recursive_mutex()'
/usr/bin/ld: /root/.conan2/p/b/spdlo3b2989ab5aced/p/lib/libspdlogd.a(spdlog.cpp.o): in function `spdlog::details::registry::register_logger_(std::__1::shared_ptr<spdlog::logger>)':
spdlog.cpp:(.text+0x1da0): undefined reference to `std::__1::basic_string<char, std::__1::char_traits<char>, std::__1::allocator<char> >::basic_string(std::__1::basic_string<char, std::__1::char_traits<char>, std::__1::allocator<char> > const&)'
/usr/bin/ld: spdlog.cpp:(.text+0x1de2): undefined reference to `std::__1::basic_string<char, std::__1::char_traits<char>, std::__1::allocator<char> >::~basic_string()'
/usr/bin/ld: spdlog.cpp:(.text+0x1dfd): undefined reference to `std::__1::basic_string<char, std::__1::char_traits<char>, std::__1::allocator<char> >::~basic_string()'
/usr/bin/ld: /root/.conan2/p/b/spdlo3b2989ab5aced/p/lib/libspdlogd.a(spdlog.cpp.o): in function `spdlog::details::registry::throw_if_exists_(std::__1::basic_string<char, std::__1::char_traits<char>, std::__1::allocator<char> > const&)':
spdlog.cpp:(.text+0x3688): undefined reference to `std::__1::basic_string<char, std::__1::char_traits<char>, std::__1::allocator<char> > std::__1::operator+<char, std::__1::char_traits<char>, std::__1::allocator<char> >(char const*, std::__1::basic_string<char, std::__1::char_traits<char>, std::__1::allocator<char> > const&)'
/usr/bin/ld: spdlog.cpp:(.text+0x36d5): undefined reference to `std::__1::basic_string<char, std::__1::char_traits<char>, std::__1::allocator<char> >::~basic_string()'
/usr/bin/ld: spdlog.cpp:(.text+0x36de): undefined reference to `std::__1::basic_string<char, std::__1::char_traits<char>, std::__1::allocator<char> >::~basic_string()'
/usr/bin/ld: /root/.conan2/p/b/spdlo3b2989ab5aced/p/lib/libspdlogd.a(spdlog.cpp.o): in function `spdlog::logger::logger(spdlog::logger const&)':
spdlog.cpp:(.text+0x3737): undefined reference to `std::__1::basic_string<char, std::__1::char_traits<char>, std::__1::allocator<char> >::basic_string(std::__1::basic_string<char, std::__1::char_traits<char>, std::__1::allocator<char> > const&)'
/usr/bin/ld: spdlog.cpp:(.text+0x382c): undefined reference to `std::__1::basic_string<char, std::__1::char_traits<char>, std::__1::allocator<char> >::~basic_string()'
/usr/bin/ld: /root/.conan2/p/b/spdlo3b2989ab5aced/p/lib/libspdlogd.a(spdlog.cpp.o): in function `spdlog::logger::sink_it_(spdlog::details::log_msg const&)':
spdlog.cpp:(.text+0x400f): undefined reference to `std::__1::basic_string<char, std::__1::char_traits<char>, std::__1::allocator<char> >::~basic_string()'
/usr/bin/ld: spdlog.cpp:(.text+0x4050): undefined reference to `std::__1::basic_string<char, std::__1::char_traits<char>, std::__1::allocator<char> >::~basic_string()'
/usr/bin/ld: spdlog.cpp:(.text+0x4080): undefined reference to `std::__1::basic_string<char, std::__1::char_traits<char>, std::__1::allocator<char> >::~basic_string()'
/usr/bin/ld: spdlog.cpp:(.text+0x40b8): undefined reference to `std::__1::basic_string<char, std::__1::char_traits<char>, std::__1::allocator<char> >::~basic_string()'
/usr/bin/ld: /root/.conan2/p/b/spdlo3b2989ab5aced/p/lib/libspdlogd.a(spdlog.cpp.o):spdlog.cpp:(.text+0x4102): more undefined references to `std::__1::basic_string<char, std::__1::char_traits<char>, std::__1::allocator<char> >::~basic_string()' follow
/usr/bin/ld: /root/.conan2/p/b/spdlo3b2989ab5aced/p/lib/libspdlogd.a(spdlog.cpp.o): in function `spdlog::logger::err_handler_(std::__1::basic_string<char, std::__1::char_traits<char>, std::__1::allocator<char> > const&)':
spdlog.cpp:(.text+0x423e): undefined reference to `std::__1::chrono::system_clock::now()'
/usr/bin/ld: spdlog.cpp:(.text+0x42fc): undefined reference to `std::__1::chrono::system_clock::to_time_t(std::__1::chrono::time_point<std::__1::chrono::system_clock, std::__1::chrono::duration<long long, std::__1::ratio<1l, 1000000l> > > const&)'
/usr/bin/ld: /root/.conan2/p/b/spdlo3b2989ab5aced/p/lib/libspdlogd.a(spdlog.cpp.o): in function `spdlog::logger::flush_()':
spdlog.cpp:(.text+0x454d): undefined reference to `std::__1::basic_string<char, std::__1::char_traits<char>, std::__1::allocator<char> >::~basic_string()'
/usr/bin/ld: spdlog.cpp:(.text+0x459e): undefined reference to `std::__1::basic_string<char, std::__1::char_traits<char>, std::__1::allocator<char> >::~basic_string()'
/usr/bin/ld: spdlog.cpp:(.text+0x45ce): undefined reference to `std::__1::basic_string<char, std::__1::char_traits<char>, std::__1::allocator<char> >::~basic_string()'
/usr/bin/ld: spdlog.cpp:(.text+0x4603): undefined reference to `std::__1::basic_string<char, std::__1::char_traits<char>, std::__1::allocator<char> >::~basic_string()'
/usr/bin/ld: /root/.conan2/p/b/spdlo3b2989ab5aced/p/lib/libspdlogd.a(spdlog.cpp.o): in function `spdlog::pattern_formatter::pattern_formatter(std::__1::basic_string<char, std::__1::char_traits<char>, std::__1::allocator<char> >, spdlog::pattern_time_type, std::__1::basic_string<char, std::__1::char_traits<char>, std::__1::allocator<char> >, std::__1::unordered_map<char, std::__1::unique_ptr<spdlog::custom_flag_formatter, std::__1::default_delete<spdlog::custom_flag_formatter> >, std::__1::hash<char>, std::__1::equal_to<char>, std::__1::allocator<std::__1::pair<char const, std::__1::unique_ptr<spdlog::custom_flag_formatter, std::__1::default_delete<spdlog::custom_flag_formatter> > > > >)':
spdlog.cpp:(.text+0x478c): undefined reference to `std::__1::basic_string<char, std::__1::char_traits<char>, std::__1::allocator<char> >::~basic_string()'
/usr/bin/ld: /root/.conan2/p/b/spdlo3b2989ab5aced/p/lib/libspdlogd.a(spdlog.cpp.o):spdlog.cpp:(.text+0x4795): more undefined references to `std::__1::basic_string<char, std::__1::char_traits<char>, std::__1::allocator<char> >::~basic_string()' follow
/usr/bin/ld: /root/.conan2/p/b/spdlo3b2989ab5aced/p/lib/libspdlogd.a(spdlog.cpp.o): in function `spdlog::pattern_formatter::get_time_(spdlog::details::log_msg const&)':
spdlog.cpp:(.text+0x506f): undefined reference to `std::__1::chrono::system_clock::to_time_t(std::__1::chrono::time_point<std::__1::chrono::system_clock, std::__1::chrono::duration<long long, std::__1::ratio<1l, 1000000l> > > const&)'
/usr/bin/ld: spdlog.cpp:(.text+0x5092): undefined reference to `std::__1::chrono::system_clock::to_time_t(std::__1::chrono::time_point<std::__1::chrono::system_clock, std::__1::chrono::duration<long long, std::__1::ratio<1l, 1000000l> > > const&)'
/usr/bin/ld: /root/.conan2/p/b/spdlo3b2989ab5aced/p/lib/libspdlogd.a(spdlog.cpp.o): in function `spdlog::set_pattern(std::__1::basic_string<char, std::__1::char_traits<char>, std::__1::allocator<char> >, spdlog::pattern_time_type)':
spdlog.cpp:(.text+0x556b): undefined reference to `std::__1::basic_string<char, std::__1::char_traits<char>, std::__1::allocator<char> >::~basic_string()'
/usr/bin/ld: spdlog.cpp:(.text+0x5574): undefined reference to `std::__1::basic_string<char, std::__1::char_traits<char>, std::__1::allocator<char> >::~basic_string()'
/usr/bin/ld: spdlog.cpp:(.text+0x55c6): undefined reference to `std::__1::basic_string<char, std::__1::char_traits<char>, std::__1::allocator<char> >::~basic_string()'
/usr/bin/ld: spdlog.cpp:(.text+0x55cf): undefined reference to `std::__1::basic_string<char, std::__1::char_traits<char>, std::__1::allocator<char> >::~basic_string()'
/usr/bin/ld: /root/.conan2/p/b/spdlo3b2989ab5aced/p/lib/libspdlogd.a(spdlog.cpp.o): in function `bool std::__1::operator==[abi:ue170006]<char, std::__1::char_traits<char>, std::__1::allocator<char> >(std::__1::basic_string<char, std::__1::char_traits<char>, std::__1::allocator<char> > const&, char const*)':
spdlog.cpp:(.text._ZNSt3__1eqB8ue170006IcNS_11char_traitsIcEENS_9allocatorIcEEEEbRKNS_12basic_stringIT_T0_T1_EEPKS6_[_ZNSt3__1eqB8ue170006IcNS_11char_traitsIcEENS_9allocatorIcEEEEbRKNS_12basic_stringIT_T0_T1_EEPKS6_]+0x5f): undefined reference to `std::__1::basic_string<char, std::__1::char_traits<char>, std::__1::allocator<char> >::compare(unsigned long, unsigned long, char const*, unsigned long) const'
/usr/bin/ld: /root/.conan2/p/b/spdlo3b2989ab5aced/p/lib/libspdlogd.a(spdlog.cpp.o): in function `std::__1::basic_string<char, std::__1::char_traits<char>, std::__1::allocator<char> > fmt::v11::to_string<char, 250ul>(fmt::v11::basic_memory_buffer<char, 250ul, std::__1::allocator<char> > const&)':
spdlog.cpp:(.text._ZN3fmt3v119to_stringIcLm250EEENSt3__112basic_stringIT_NS2_11char_traitsIS4_EENS2_9allocatorIS4_EEEERKNS0_19basic_memory_bufferIS4_XT0_ES8_EE[_ZN3fmt3v119to_stringIcLm250EEENSt3__112basic_stringIT_NS2_11char_traitsIS4_EENS2_9allocatorIS4_EEEERKNS0_19basic_memory_bufferIS4_XT0_ES8_EE]+0x5f): undefined reference to `std::__1::basic_string<char, std::__1::char_traits<char>, std::__1::allocator<char> >::~basic_string()'
/usr/bin/ld: /root/.conan2/p/b/spdlo3b2989ab5aced/p/lib/libspdlogd.a(spdlog.cpp.o): in function `spdlog::spdlog_ex::~spdlog_ex()':
spdlog.cpp:(.text._ZN6spdlog9spdlog_exD2Ev[_ZN6spdlog9spdlog_exD2Ev]+0x27): undefined reference to `std::__1::basic_string<char, std::__1::char_traits<char>, std::__1::allocator<char> >::~basic_string()'
/usr/bin/ld: /root/.conan2/p/b/spdlo3b2989ab5aced/p/lib/libspdlogd.a(spdlog.cpp.o): in function `std::__1::lock_guard<std::__1::mutex>::lock_guard[abi:ue170006](std::__1::mutex&)':
spdlog.cpp:(.text._ZNSt3__110lock_guardINS_5mutexEEC2B8ue170006ERS1_[_ZNSt3__110lock_guardINS_5mutexEEC2B8ue170006ERS1_]+0x1f): undefined reference to `std::__1::mutex::lock()'
/usr/bin/ld: /root/.conan2/p/b/spdlo3b2989ab5aced/p/lib/libspdlogd.a(spdlog.cpp.o): in function `std::__1::lock_guard<std::__1::mutex>::~lock_guard[abi:ue170006]()':
spdlog.cpp:(.text._ZNSt3__110lock_guardINS_5mutexEED2B8ue170006Ev[_ZNSt3__110lock_guardINS_5mutexEED2B8ue170006Ev]+0x14): undefined reference to `std::__1::mutex::unlock()'
/usr/bin/ld: /root/.conan2/p/b/spdlo3b2989ab5aced/p/lib/libspdlogd.a(spdlog.cpp.o): in function `_ZNSt3__112basic_stringIcNS_11char_traitsIcEENS_9allocatorIcEEEC2B8ue170006ILi0EEEPKc':
spdlog.cpp:(.text._ZNSt3__112basic_stringIcNS_11char_traitsIcEENS_9allocatorIcEEEC2B8ue170006ILi0EEEPKc[_ZNSt3__112basic_stringIcNS_11char_traitsIcEENS_9allocatorIcEEEC2B8ue170006ILi0EEEPKc]+0x42): undefined reference to `std::__1::basic_string<char, std::__1::char_traits<char>, std::__1::allocator<char> >::__init(char const*, unsigned long)'
/usr/bin/ld: /root/.conan2/p/b/spdlo3b2989ab5aced/p/lib/libspdlogd.a(spdlog.cpp.o): in function `void std::__1::this_thread::sleep_for[abi:ue170006]<long long, std::__1::ratio<1l, 1000l> >(std::__1::chrono::duration<long long, std::__1::ratio<1l, 1000l> > const&)':
spdlog.cpp:(.text._ZNSt3__111this_thread9sleep_forB8ue170006IxNS_5ratioILl1ELl1000EEEEEvRKNS_6chrono8durationIT_T0_EE[_ZNSt3__111this_thread9sleep_forB8ue170006IxNS_5ratioILl1ELl1000EEEEEvRKNS_6chrono8durationIT_T0_EE]+0xba): undefined reference to `std::__1::this_thread::sleep_for(std::__1::chrono::duration<long long, std::__1::ratio<1l, 1000000000l> > const&)'
/usr/bin/ld: /root/.conan2/p/b/spdlo3b2989ab5aced/p/lib/libspdlogd.a(spdlog.cpp.o): in function `std::__1::basic_string<char, std::__1::char_traits<char>, std::__1::allocator<char> >::substr[abi:ue170006](unsigned long, unsigned long) const':
spdlog.cpp:(.text._ZNKSt3__112basic_stringIcNS_11char_traitsIcEENS_9allocatorIcEEE6substrB8ue170006Emm[_ZNKSt3__112basic_stringIcNS_11char_traitsIcEENS_9allocatorIcEEE6substrB8ue170006Emm]+0x59): undefined reference to `std::__1::basic_string<char, std::__1::char_traits<char>, std::__1::allocator<char> >::basic_string(std::__1::basic_string<char, std::__1::char_traits<char>, std::__1::allocator<char> > const&, unsigned long, unsigned long, std::__1::allocator<char> const&)'
/usr/bin/ld: /root/.conan2/p/b/spdlo3b2989ab5aced/p/lib/libspdlogd.a(spdlog.cpp.o): in function `std::__1::lock_guard<std::__1::recursive_mutex>::lock_guard[abi:ue170006](std::__1::recursive_mutex&)':
spdlog.cpp:(.text._ZNSt3__110lock_guardINS_15recursive_mutexEEC2B8ue170006ERS1_[_ZNSt3__110lock_guardINS_15recursive_mutexEEC2B8ue170006ERS1_]+0x1f): undefined reference to `std::__1::recursive_mutex::lock()'
/usr/bin/ld: /root/.conan2/p/b/spdlo3b2989ab5aced/p/lib/libspdlogd.a(spdlog.cpp.o): in function `std::__1::lock_guard<std::__1::recursive_mutex>::~lock_guard[abi:ue170006]()':
spdlog.cpp:(.text._ZNSt3__110lock_guardINS_15recursive_mutexEED2B8ue170006Ev[_ZNSt3__110lock_guardINS_15recursive_mutexEED2B8ue170006Ev]+0x14): undefined reference to `std::__1::recursive_mutex::unlock()'
/usr/bin/ld: /root/.conan2/p/b/spdlo3b2989ab5aced/p/lib/libspdlogd.a(spdlog.cpp.o): in function `std::__1::basic_string<char, std::__1::char_traits<char>, std::__1::allocator<char> > std::__1::operator+[abi:ue170006]<char, std::__1::char_traits<char>, std::__1::allocator<char> >(std::__1::basic_string<char, std::__1::char_traits<char>, std::__1::allocator<char> >&&, char const*)':
spdlog.cpp:(.text._ZNSt3__1plB8ue170006IcNS_11char_traitsIcEENS_9allocatorIcEEEENS_12basic_stringIT_T0_T1_EEOS9_PKS6_[_ZNSt3__1plB8ue170006IcNS_11char_traitsIcEENS_9allocatorIcEEEENS_12basic_stringIT_T0_T1_EEOS9_PKS6_]+0x28): undefined reference to `std::__1::basic_string<char, std::__1::char_traits<char>, std::__1::allocator<char> >::append(char const*)'
/usr/bin/ld: /root/.conan2/p/b/spdlo3b2989ab5aced/p/lib/libspdlogd.a(spdlog.cpp.o): in function `std::__1::__unique_if<spdlog::pattern_formatter>::__unique_single std::__1::make_unique[abi:ue170006]<spdlog::pattern_formatter, std::__1::basic_string<char, std::__1::char_traits<char>, std::__1::allocator<char> >, spdlog::pattern_time_type&>(std::__1::basic_string<char, std::__1::char_traits<char>, std::__1::allocator<char> >&&, spdlog::pattern_time_type&)':
spdlog.cpp:(.text._ZNSt3__111make_uniqueB8ue170006IN6spdlog17pattern_formatterEJNS_12basic_stringIcNS_11char_traitsIcEENS_9allocatorIcEEEERNS1_17pattern_time_typeEEEENS_11__unique_ifIT_E15__unique_singleEDpOT0_[_ZNSt3__111make_uniqueB8ue170006IN6spdlog17pattern_formatterEJNS_12basic_stringIcNS_11char_traitsIcEENS_9allocatorIcEEEERNS1_17pattern_time_typeEEEENS_11__unique_ifIT_E15__unique_singleEDpOT0_]+0xcc): undefined reference to `std::__1::basic_string<char, std::__1::char_traits<char>, std::__1::allocator<char> >::~basic_string()'
/usr/bin/ld: spdlog.cpp:(.text._ZNSt3__111make_uniqueB8ue170006IN6spdlog17pattern_formatterEJNS_12basic_stringIcNS_11char_traitsIcEENS_9allocatorIcEEEERNS1_17pattern_time_typeEEEENS_11__unique_ifIT_E15__unique_singleEDpOT0_[_ZNSt3__111make_uniqueB8ue170006IN6spdlog17pattern_formatterEJNS_12basic_stringIcNS_11char_traitsIcEENS_9allocatorIcEEEERNS1_17pattern_time_typeEEEENS_11__unique_ifIT_E15__unique_singleEDpOT0_]+0xd5): undefined reference to `std::__1::basic_string<char, std::__1::char_traits<char>, std::__1::allocator<char> >::~basic_string()'
/usr/bin/ld: spdlog.cpp:(.text._ZNSt3__111make_uniqueB8ue170006IN6spdlog17pattern_formatterEJNS_12basic_stringIcNS_11char_traitsIcEENS_9allocatorIcEEEERNS1_17pattern_time_typeEEEENS_11__unique_ifIT_E15__unique_singleEDpOT0_[_ZNSt3__111make_uniqueB8ue170006IN6spdlog17pattern_formatterEJNS_12basic_stringIcNS_11char_traitsIcEENS_9allocatorIcEEEERNS1_17pattern_time_typeEEEENS_11__unique_ifIT_E15__unique_singleEDpOT0_]+0x114): undefined reference to `std::__1::basic_string<char, std::__1::char_traits<char>, std::__1::allocator<char> >::~basic_string()'
/usr/bin/ld: spdlog.cpp:(.text._ZNSt3__111make_uniqueB8ue170006IN6spdlog17pattern_formatterEJNS_12basic_stringIcNS_11char_traitsIcEENS_9allocatorIcEEEERNS1_17pattern_time_typeEEEENS_11__unique_ifIT_E15__unique_singleEDpOT0_[_ZNSt3__111make_uniqueB8ue170006IN6spdlog17pattern_formatterEJNS_12basic_stringIcNS_11char_traitsIcEENS_9allocatorIcEEEERNS1_17pattern_time_typeEEEENS_11__unique_ifIT_E15__unique_singleEDpOT0_]+0x11d): undefined reference to `std::__1::basic_string<char, std::__1::char_traits<char>, std::__1::allocator<char> >::~basic_string()'
/usr/bin/ld: /root/.conan2/p/b/spdlo3b2989ab5aced/p/lib/libspdlogd.a(spdlog.cpp.o): in function `std::__1::__unique_if<spdlog::pattern_formatter>::__unique_single std::__1::make_unique[abi:ue170006]<spdlog::pattern_formatter, std::__1::basic_string<char, std::__1::char_traits<char>, std::__1::allocator<char> > const&, spdlog::pattern_time_type const&, std::__1::basic_string<char, std::__1::char_traits<char>, std::__1::allocator<char> > const&, std::__1::unordered_map<char, std::__1::unique_ptr<spdlog::custom_flag_formatter, std::__1::default_delete<spdlog::custom_flag_formatter> >, std::__1::hash<char>, std::__1::equal_to<char>, std::__1::allocator<std::__1::pair<char const, std::__1::unique_ptr<spdlog::custom_flag_formatter, std::__1::default_delete<spdlog::custom_flag_formatter> > > > > >(std::__1::basic_string<char, std::__1::char_traits<char>, std::__1::allocator<char> > const&, spdlog::pattern_time_type const&, std::__1::basic_string<char, std::__1::char_traits<char>, std::__1::allocator<char> > const&, std::__1::unordered_map<char, std::__1::unique_ptr<spdlog::custom_flag_formatter, std::__1::default_delete<spdlog::custom_flag_formatter> >, std::__1::hash<char>, std::__1::equal_to<char>, std::__1::allocator<std::__1::pair<char const, std::__1::unique_ptr<spdlog::custom_flag_formatter, std::__1::default_delete<spdlog::custom_flag_formatter> > > > >&&)':
spdlog.cpp:(.text._ZNSt3__111make_uniqueB8ue170006IN6spdlog17pattern_formatterEJRKNS_12basic_stringIcNS_11char_traitsIcEENS_9allocatorIcEEEERKNS1_17pattern_time_typeESA_NS_13unordered_mapIcNS_10unique_ptrINS1_21custom_flag_formatterENS_14default_deleteISG_EEEENS_4hashIcEENS_8equal_toIcEENS6_INS_4pairIKcSJ_EEEEEEEEENS_11__unique_ifIT_E15__unique_singleEDpOT0_[_ZNSt3__111make_uniqueB8ue170006IN6spdlog17pattern_formatterEJRKNS_12basic_stringIcNS_11char_traitsIcEENS_9allocatorIcEEEERKNS1_17pattern_time_typeESA_NS_13unordered_mapIcNS_10unique_ptrINS1_21custom_flag_formatterENS_14default_deleteISG_EEEENS_4hashIcEENS_8equal_toIcEENS6_INS_4pairIKcSJ_EEEEEEEEENS_11__unique_ifIT_E15__unique_singleEDpOT0_]+0x51): undefined reference to `std::__1::basic_string<char, std::__1::char_traits<char>, std::__1::allocator<char> >::basic_string(std::__1::basic_string<char, std::__1::char_traits<char>, std::__1::allocator<char> > const&)'
/usr/bin/ld: spdlog.cpp:(.text._ZNSt3__111make_uniqueB8ue170006IN6spdlog17pattern_formatterEJRKNS_12basic_stringIcNS_11char_traitsIcEENS_9allocatorIcEEEERKNS1_17pattern_time_typeESA_NS_13unordered_mapIcNS_10unique_ptrINS1_21custom_flag_formatterENS_14default_deleteISG_EEEENS_4hashIcEENS_8equal_toIcEENS6_INS_4pairIKcSJ_EEEEEEEEENS_11__unique_ifIT_E15__unique_singleEDpOT0_[_ZNSt3__111make_uniqueB8ue170006IN6spdlog17pattern_formatterEJRKNS_12basic_stringIcNS_11char_traitsIcEENS_9allocatorIcEEEERKNS1_17pattern_time_typeESA_NS_13unordered_mapIcNS_10unique_ptrINS1_21custom_flag_formatterENS_14default_deleteISG_EEEENS_4hashIcEENS_8equal_toIcEENS6_INS_4pairIKcSJ_EEEEEEEEENS_11__unique_ifIT_E15__unique_singleEDpOT0_]+0x6f): undefined reference to `std::__1::basic_string<char, std::__1::char_traits<char>, std::__1::allocator<char> >::basic_string(std::__1::basic_string<char, std::__1::char_traits<char>, std::__1::allocator<char> > const&)'
/usr/bin/ld: spdlog.cpp:(.text._ZNSt3__111make_uniqueB8ue170006IN6spdlog17pattern_formatterEJRKNS_12basic_stringIcNS_11char_traitsIcEENS_9allocatorIcEEEERKNS1_17pattern_time_typeESA_NS_13unordered_mapIcNS_10unique_ptrINS1_21custom_flag_formatterENS_14default_deleteISG_EEEENS_4hashIcEENS_8equal_toIcEENS6_INS_4pairIKcSJ_EEEEEEEEENS_11__unique_ifIT_E15__unique_singleEDpOT0_[_ZNSt3__111make_uniqueB8ue170006IN6spdlog17pattern_formatterEJRKNS_12basic_stringIcNS_11char_traitsIcEENS_9allocatorIcEEEERKNS1_17pattern_time_typeESA_NS_13unordered_mapIcNS_10unique_ptrINS1_21custom_flag_formatterENS_14default_deleteISG_EEEENS_4hashIcEENS_8equal_toIcEENS6_INS_4pairIKcSJ_EEEEEEEEENS_11__unique_ifIT_E15__unique_singleEDpOT0_]+0xe0): undefined reference to `std::__1::basic_string<char, std::__1::char_traits<char>, std::__1::allocator<char> >::~basic_string()'
/usr/bin/ld: spdlog.cpp:(.text._ZNSt3__111make_uniqueB8ue170006IN6spdlog17pattern_formatterEJRKNS_12basic_stringIcNS_11char_traitsIcEENS_9allocatorIcEEEERKNS1_17pattern_time_typeESA_NS_13unordered_mapIcNS_10unique_ptrINS1_21custom_flag_formatterENS_14default_deleteISG_EEEENS_4hashIcEENS_8equal_toIcEENS6_INS_4pairIKcSJ_EEEEEEEEENS_11__unique_ifIT_E15__unique_singleEDpOT0_[_ZNSt3__111make_uniqueB8ue170006IN6spdlog17pattern_formatterEJRKNS_12basic_stringIcNS_11char_traitsIcEENS_9allocatorIcEEEERKNS1_17pattern_time_typeESA_NS_13unordered_mapIcNS_10unique_ptrINS1_21custom_flag_formatterENS_14default_deleteISG_EEEENS_4hashIcEENS_8equal_toIcEENS6_INS_4pairIKcSJ_EEEEEEEEENS_11__unique_ifIT_E15__unique_singleEDpOT0_]+0xe9): undefined reference to `std::__1::basic_string<char, std::__1::char_traits<char>, std::__1::allocator<char> >::~basic_string()'
/usr/bin/ld: spdlog.cpp:(.text._ZNSt3__111make_uniqueB8ue170006IN6spdlog17pattern_formatterEJRKNS_12basic_stringIcNS_11char_traitsIcEENS_9allocatorIcEEEERKNS1_17pattern_time_typeESA_NS_13unordered_mapIcNS_10unique_ptrINS1_21custom_flag_formatterENS_14default_deleteISG_EEEENS_4hashIcEENS_8equal_toIcEENS6_INS_4pairIKcSJ_EEEEEEEEENS_11__unique_ifIT_E15__unique_singleEDpOT0_[_ZNSt3__111make_uniqueB8ue170006IN6spdlog17pattern_formatterEJRKNS_12basic_stringIcNS_11char_traitsIcEENS_9allocatorIcEEEERKNS1_17pattern_time_typeESA_NS_13unordered_mapIcNS_10unique_ptrINS1_21custom_flag_formatterENS_14default_deleteISG_EEEENS_4hashIcEENS_8equal_toIcEENS6_INS_4pairIKcSJ_EEEEEEEEENS_11__unique_ifIT_E15__unique_singleEDpOT0_]+0x13c): undefined reference to `std::__1::basic_string<char, std::__1::char_traits<char>, std::__1::allocator<char> >::~basic_string()'
/usr/bin/ld: spdlog.cpp:(.text._ZNSt3__111make_uniqueB8ue170006IN6spdlog17pattern_formatterEJRKNS_12basic_stringIcNS_11char_traitsIcEENS_9allocatorIcEEEERKNS1_17pattern_time_typeESA_NS_13unordered_mapIcNS_10unique_ptrINS1_21custom_flag_formatterENS_14default_deleteISG_EEEENS_4hashIcEENS_8equal_toIcEENS6_INS_4pairIKcSJ_EEEEEEEEENS_11__unique_ifIT_E15__unique_singleEDpOT0_[_ZNSt3__111make_uniqueB8ue170006IN6spdlog17pattern_formatterEJRKNS_12basic_stringIcNS_11char_traitsIcEENS_9allocatorIcEEEERKNS1_17pattern_time_typeESA_NS_13unordered_mapIcNS_10unique_ptrINS1_21custom_flag_formatterENS_14default_deleteISG_EEEENS_4hashIcEENS_8equal_toIcEENS6_INS_4pairIKcSJ_EEEEEEEEENS_11__unique_ifIT_E15__unique_singleEDpOT0_]+0x145): undefined reference to `std::__1::basic_string<char, std::__1::char_traits<char>, std::__1::allocator<char> >::~basic_string()'
/usr/bin/ld: /root/.conan2/p/b/spdlo3b2989ab5aced/p/lib/libspdlogd.a(spdlog.cpp.o): in function `spdlog::logger::logger<std::__1::shared_ptr<spdlog::sinks::sink> const*>(std::__1::basic_string<char, std::__1::char_traits<char>, std::__1::allocator<char> >, std::__1::shared_ptr<spdlog::sinks::sink> const*, std::__1::shared_ptr<spdlog::sinks::sink> const*)':
spdlog.cpp:(.text._ZN6spdlog6loggerC2IPKNSt3__110shared_ptrINS_5sinks4sinkEEEEENS2_12basic_stringIcNS2_11char_traitsIcEENS2_9allocatorIcEEEET_SF_[_ZN6spdlog6loggerC5IPKNSt3__110shared_ptrINS_5sinks4sinkEEEEENS2_12basic_stringIcNS2_11char_traitsIcEENS2_9allocatorIcEEEET_SF_]+0xae): undefined reference to `std::__1::basic_string<char, std::__1::char_traits<char>, std::__1::allocator<char> >::~basic_string()'
/usr/bin/ld: /root/.conan2/p/b/spdlo3b2989ab5aced/p/lib/libspdlogd.a(spdlog.cpp.o):spdlog.cpp:(.text._ZNSt3__111make_uniqueB8ue170006IN6spdlog17pattern_formatterEJEEENS_11__unique_ifIT_E15__unique_singleEDpOT0_[_ZNSt3__111make_uniqueB8ue170006IN6spdlog17pattern_formatterEJEEENS_11__unique_ifIT_E15__unique_singleEDpOT0_]+0x68): more undefined references to `std::__1::basic_string<char, std::__1::char_traits<char>, std::__1::allocator<char> >::~basic_string()' follow
/usr/bin/ld: /root/.conan2/p/b/spdlo3b2989ab5aced/p/lib/libspdlogd.a(spdlog.cpp.o): in function `std::__1::__unique_if<spdlog::pattern_formatter>::__unique_single std::__1::make_unique[abi:ue170006]<spdlog::pattern_formatter, std::__1::basic_string<char, std::__1::char_traits<char>, std::__1::allocator<char> > const&>(std::__1::basic_string<char, std::__1::char_traits<char>, std::__1::allocator<char> > const&)':
spdlog.cpp:(.text._ZNSt3__111make_uniqueB8ue170006IN6spdlog17pattern_formatterEJRKNS_12basic_stringIcNS_11char_traitsIcEENS_9allocatorIcEEEEEEENS_11__unique_ifIT_E15__unique_singleEDpOT0_[_ZNSt3__111make_uniqueB8ue170006IN6spdlog17pattern_formatterEJRKNS_12basic_stringIcNS_11char_traitsIcEENS_9allocatorIcEEEEEEENS_11__unique_ifIT_E15__unique_singleEDpOT0_]+0x42): undefined reference to `std::__1::basic_string<char, std::__1::char_traits<char>, std::__1::allocator<char> >::basic_string(std::__1::basic_string<char, std::__1::char_traits<char>, std::__1::allocator<char> > const&)'
/usr/bin/ld: spdlog.cpp:(.text._ZNSt3__111make_uniqueB8ue170006IN6spdlog17pattern_formatterEJRKNS_12basic_stringIcNS_11char_traitsIcEENS_9allocatorIcEEEEEEENS_11__unique_ifIT_E15__unique_singleEDpOT0_[_ZNSt3__111make_uniqueB8ue170006IN6spdlog17pattern_formatterEJRKNS_12basic_stringIcNS_11char_traitsIcEENS_9allocatorIcEEEEEEENS_11__unique_ifIT_E15__unique_singleEDpOT0_]+0xb7): undefined reference to `std::__1::basic_string<char, std::__1::char_traits<char>, std::__1::allocator<char> >::~basic_string()'
/usr/bin/ld: spdlog.cpp:(.text._ZNSt3__111make_uniqueB8ue170006IN6spdlog17pattern_formatterEJRKNS_12basic_stringIcNS_11char_traitsIcEENS_9allocatorIcEEEEEEENS_11__unique_ifIT_E15__unique_singleEDpOT0_[_ZNSt3__111make_uniqueB8ue170006IN6spdlog17pattern_formatterEJRKNS_12basic_stringIcNS_11char_traitsIcEENS_9allocatorIcEEEEEEENS_11__unique_ifIT_E15__unique_singleEDpOT0_]+0xc0): undefined reference to `std::__1::basic_string<char, std::__1::char_traits<char>, std::__1::allocator<char> >::~basic_string()'
/usr/bin/ld: spdlog.cpp:(.text._ZNSt3__111make_uniqueB8ue170006IN6spdlog17pattern_formatterEJRKNS_12basic_stringIcNS_11char_traitsIcEENS_9allocatorIcEEEEEEENS_11__unique_ifIT_E15__unique_singleEDpOT0_[_ZNSt3__111make_uniqueB8ue170006IN6spdlog17pattern_formatterEJRKNS_12basic_stringIcNS_11char_traitsIcEENS_9allocatorIcEEEEEEENS_11__unique_ifIT_E15__unique_singleEDpOT0_]+0x110): undefined reference to `std::__1::basic_string<char, std::__1::char_traits<char>, std::__1::allocator<char> >::~basic_string()'
/usr/bin/ld: spdlog.cpp:(.text._ZNSt3__111make_uniqueB8ue170006IN6spdlog17pattern_formatterEJRKNS_12basic_stringIcNS_11char_traitsIcEENS_9allocatorIcEEEEEEENS_11__unique_ifIT_E15__unique_singleEDpOT0_[_ZNSt3__111make_uniqueB8ue170006IN6spdlog17pattern_formatterEJRKNS_12basic_stringIcNS_11char_traitsIcEENS_9allocatorIcEEEEEEENS_11__unique_ifIT_E15__unique_singleEDpOT0_]+0x119): undefined reference to `std::__1::basic_string<char, std::__1::char_traits<char>, std::__1::allocator<char> >::~basic_string()'
/usr/bin/ld: /root/.conan2/p/b/spdlo3b2989ab5aced/p/lib/libspdlogd.a(spdlog.cpp.o): in function `spdlog::logger::~logger()':
spdlog.cpp:(.text._ZN6spdlog6loggerD2Ev[_ZN6spdlog6loggerD2Ev]+0x4e): undefined reference to `std::__1::basic_string<char, std::__1::char_traits<char>, std::__1::allocator<char> >::~basic_string()'
/usr/bin/ld: /root/.conan2/p/b/spdlo3b2989ab5aced/p/lib/libspdlogd.a(spdlog.cpp.o):spdlog.cpp:(.text._ZN6spdlog17pattern_formatterD2Ev[_ZN6spdlog17pattern_formatterD2Ev]+0x39): more undefined references to `std::__1::basic_string<char, std::__1::char_traits<char>, std::__1::allocator<char> >::~basic_string()' follow
/usr/bin/ld: /root/.conan2/p/b/spdlo3b2989ab5aced/p/lib/libspdlogd.a(spdlog.cpp.o): in function `std::__throw_bad_array_new_length[abi:ue170006]()':
spdlog.cpp:(.text._ZSt28__throw_bad_array_new_lengthB8ue170006v[_ZSt28__throw_bad_array_new_lengthB8ue170006v]+0x1a): undefined reference to `std::bad_array_new_length::bad_array_new_length()'
/usr/bin/ld: /root/.conan2/p/b/spdlo3b2989ab5aced/p/lib/libspdlogd.a(spdlog.cpp.o): in function `std::__1::basic_string<char, std::__1::char_traits<char>, std::__1::allocator<char> >::operator+=[abi:ue170006](char)':
spdlog.cpp:(.text._ZNSt3__112basic_stringIcNS_11char_traitsIcEENS_9allocatorIcEEEpLB8ue170006Ec[_ZNSt3__112basic_stringIcNS_11char_traitsIcEENS_9allocatorIcEEEpLB8ue170006Ec]+0x1f): undefined reference to `std::__1::basic_string<char, std::__1::char_traits<char>, std::__1::allocator<char> >::push_back(char)'
/usr/bin/ld: /root/.conan2/p/b/spdlo3b2989ab5aced/p/lib/libspdlogd.a(spdlog.cpp.o): in function `std::__1::basic_string<char, std::__1::char_traits<char>, std::__1::allocator<char> >::basic_string[abi:ue170006](char const*, unsigned long)':
spdlog.cpp:(.text._ZNSt3__112basic_stringIcNS_11char_traitsIcEENS_9allocatorIcEEEC2B8ue170006EPKcm[_ZNSt3__112basic_stringIcNS_11char_traitsIcEENS_9allocatorIcEEEC2B8ue170006EPKcm]+0x36): undefined reference to `std::__1::basic_string<char, std::__1::char_traits<char>, std::__1::allocator<char> >::__init(char const*, unsigned long)'
/usr/bin/ld: /root/.conan2/p/b/spdlo3b2989ab5aced/p/lib/libspdlogd.a(spdlog.cpp.o): in function `std::__1::__shared_weak_count::__release_shared[abi:ue170006]()':
spdlog.cpp:(.text._ZNSt3__119__shared_weak_count16__release_sharedB8ue170006Ev[_ZNSt3__119__shared_weak_count16__release_sharedB8ue170006Ev]+0x2b): undefined reference to `std::__1::__shared_weak_count::__release_weak()'
/usr/bin/ld: /root/.conan2/p/b/spdlo3b2989ab5aced/p/lib/libspdlogd.a(spdlog.cpp.o): in function `std::__1::pair<std::__1::basic_string<char, std::__1::char_traits<char>, std::__1::allocator<char> > const, std::__1::shared_ptr<spdlog::logger> >::~pair()':
spdlog.cpp:(.text._ZNSt3__14pairIKNS_12basic_stringIcNS_11char_traitsIcEENS_9allocatorIcEEEENS_10shared_ptrIN6spdlog6loggerEEEED2Ev[_ZNSt3__14pairIKNS_12basic_stringIcNS_11char_traitsIcEENS_9allocatorIcEEEENS_10shared_ptrIN6spdlog6loggerEEEED2Ev]+0x22): undefined reference to `std::__1::basic_string<char, std::__1::char_traits<char>, std::__1::allocator<char> >::~basic_string()'
/usr/bin/ld: /root/.conan2/p/b/spdlo3b2989ab5aced/p/lib/libspdlogd.a(spdlog.cpp.o): in function `std::__1::pair<std::__1::basic_string<char, std::__1::char_traits<char>, std::__1::allocator<char> > const, spdlog::level::level_enum>::~pair()':
spdlog.cpp:(.text._ZNSt3__14pairIKNS_12basic_stringIcNS_11char_traitsIcEENS_9allocatorIcEEEEN6spdlog5level10level_enumEED2Ev[_ZNSt3__14pairIKNS_12basic_stringIcNS_11char_traitsIcEENS_9allocatorIcEEEEN6spdlog5level10level_enumEED2Ev]+0x11): undefined reference to `std::__1::basic_string<char, std::__1::char_traits<char>, std::__1::allocator<char> >::~basic_string()'
/usr/bin/ld: /root/.conan2/p/b/spdlo3b2989ab5aced/p/lib/libspdlogd.a(spdlog.cpp.o): in function `std::__1::allocator<spdlog::sinks::ansicolor_stdout_sink<spdlog::details::console_mutex> > std::__1::__shared_ptr_emplace<spdlog::sinks::ansicolor_stdout_sink<spdlog::details::console_mutex>, std::__1::allocator<spdlog::sinks::ansicolor_stdout_sink<spdlog::details::console_mutex> > >::__shared_ptr_emplace[abi:ue170006]<>()':
spdlog.cpp:(.text._ZNSt3__120__shared_ptr_emplaceIN6spdlog5sinks21ansicolor_stdout_sinkINS1_7details13console_mutexEEENS_9allocatorIS6_EEEC2B8ue170006IJEEES8_DpOT_[_ZNSt3__120__shared_ptr_emplaceIN6spdlog5sinks21ansicolor_stdout_sinkINS1_7details13console_mutexEEENS_9allocatorIS6_EEEC2B8ue170006IJEEES8_DpOT_]+0x91): undefined reference to `std::__1::__shared_weak_count::~__shared_weak_count()'
/usr/bin/ld: /root/.conan2/p/b/spdlo3b2989ab5aced/p/lib/libspdlogd.a(spdlog.cpp.o): in function `std::__1::__shared_weak_count::__shared_weak_count[abi:ue170006](long)':
spdlog.cpp:(.text._ZNSt3__119__shared_weak_countC2B8ue170006El[_ZNSt3__119__shared_weak_countC2B8ue170006El]+0x28): undefined reference to `vtable for std::__1::__shared_weak_count'
/usr/bin/ld: /root/.conan2/p/b/spdlo3b2989ab5aced/p/lib/libspdlogd.a(spdlog.cpp.o): in function `std::__1::__shared_ptr_emplace<spdlog::sinks::ansicolor_stdout_sink<spdlog::details::console_mutex>, std::__1::allocator<spdlog::sinks::ansicolor_stdout_sink<spdlog::details::console_mutex> > >::~__shared_ptr_emplace()':
spdlog.cpp:(.text._ZNSt3__120__shared_ptr_emplaceIN6spdlog5sinks21ansicolor_stdout_sinkINS1_7details13console_mutexEEENS_9allocatorIS6_EEED2Ev[_ZNSt3__120__shared_ptr_emplaceIN6spdlog5sinks21ansicolor_stdout_sinkINS1_7details13console_mutexEEENS_9allocatorIS6_EEED2Ev]+0x30): undefined reference to `std::__1::__shared_weak_count::~__shared_weak_count()'
/usr/bin/ld: /root/.conan2/p/b/spdlo3b2989ab5aced/p/lib/libspdlogd.a(spdlog.cpp.o): in function `std::__1::__shared_count::__shared_count[abi:ue170006](long)':
spdlog.cpp:(.text._ZNSt3__114__shared_countC2B8ue170006El[_ZNSt3__114__shared_countC2B8ue170006El]+0x13): undefined reference to `vtable for std::__1::__shared_count'
/usr/bin/ld: /root/.conan2/p/b/spdlo3b2989ab5aced/p/lib/libspdlogd.a(spdlog.cpp.o): in function `std::__1::allocator<spdlog::logger> std::__1::__shared_ptr_emplace<spdlog::logger, std::__1::allocator<spdlog::logger> >::__shared_ptr_emplace[abi:ue170006]<char const*&, std::__1::shared_ptr<spdlog::sinks::ansicolor_stdout_sink<spdlog::details::console_mutex> > >(char const*&, std::__1::shared_ptr<spdlog::sinks::ansicolor_stdout_sink<spdlog::details::console_mutex> >&&)':
spdlog.cpp:(.text._ZNSt3__120__shared_ptr_emplaceIN6spdlog6loggerENS_9allocatorIS2_EEEC2B8ue170006IJRPKcNS_10shared_ptrINS1_5sinks21ansicolor_stdout_sinkINS1_7details13console_mutexEEEEEEEES4_DpOT_[_ZNSt3__120__shared_ptr_emplaceIN6spdlog6loggerENS_9allocatorIS2_EEEC2B8ue170006IJRPKcNS_10shared_ptrINS1_5sinks21ansicolor_stdout_sinkINS1_7details13console_mutexEEEEEEEES4_DpOT_]+0xa7): undefined reference to `std::__1::basic_string<char, std::__1::char_traits<char>, std::__1::allocator<char> >::~basic_string()'
/usr/bin/ld: spdlog.cpp:(.text._ZNSt3__120__shared_ptr_emplaceIN6spdlog6loggerENS_9allocatorIS2_EEEC2B8ue170006IJRPKcNS_10shared_ptrINS1_5sinks21ansicolor_stdout_sinkINS1_7details13console_mutexEEEEEEEES4_DpOT_[_ZNSt3__120__shared_ptr_emplaceIN6spdlog6loggerENS_9allocatorIS2_EEEC2B8ue170006IJRPKcNS_10shared_ptrINS1_5sinks21ansicolor_stdout_sinkINS1_7details13console_mutexEEEEEEEES4_DpOT_]+0xf0): undefined reference to `std::__1::basic_string<char, std::__1::char_traits<char>, std::__1::allocator<char> >::~basic_string()'
/usr/bin/ld: spdlog.cpp:(.text._ZNSt3__120__shared_ptr_emplaceIN6spdlog6loggerENS_9allocatorIS2_EEEC2B8ue170006IJRPKcNS_10shared_ptrINS1_5sinks21ansicolor_stdout_sinkINS1_7details13console_mutexEEEEEEEES4_DpOT_[_ZNSt3__120__shared_ptr_emplaceIN6spdlog6loggerENS_9allocatorIS2_EEEC2B8ue170006IJRPKcNS_10shared_ptrINS1_5sinks21ansicolor_stdout_sinkINS1_7details13console_mutexEEEEEEEES4_DpOT_]+0x102): undefined reference to `std::__1::__shared_weak_count::~__shared_weak_count()'
/usr/bin/ld: /root/.conan2/p/b/spdlo3b2989ab5aced/p/lib/libspdlogd.a(spdlog.cpp.o): in function `spdlog::logger::logger(std::__1::basic_string<char, std::__1::char_traits<char>, std::__1::allocator<char> >, std::__1::shared_ptr<spdlog::sinks::sink>)':
spdlog.cpp:(.text._ZN6spdlog6loggerC2ENSt3__112basic_stringIcNS1_11char_traitsIcEENS1_9allocatorIcEEEENS1_10shared_ptrINS_5sinks4sinkEEE[_ZN6spdlog6loggerC2ENSt3__112basic_stringIcNS1_11char_traitsIcEENS1_9allocatorIcEEEENS1_10shared_ptrINS_5sinks4sinkEEE]+0xc5): undefined reference to `std::__1::basic_string<char, std::__1::char_traits<char>, std::__1::allocator<char> >::~basic_string()'
/usr/bin/ld: spdlog.cpp:(.text._ZN6spdlog6loggerC2ENSt3__112basic_stringIcNS1_11char_traitsIcEENS1_9allocatorIcEEEENS1_10shared_ptrINS_5sinks4sinkEEE[_ZN6spdlog6loggerC2ENSt3__112basic_stringIcNS1_11char_traitsIcEENS1_9allocatorIcEEEENS1_10shared_ptrINS_5sinks4sinkEEE]+0x12e): undefined reference to `std::__1::basic_string<char, std::__1::char_traits<char>, std::__1::allocator<char> >::~basic_string()'
/usr/bin/ld: /root/.conan2/p/b/spdlo3b2989ab5aced/p/lib/libspdlogd.a(spdlog.cpp.o): in function `std::__1::__shared_ptr_emplace<spdlog::logger, std::__1::allocator<spdlog::logger> >::~__shared_ptr_emplace()':
spdlog.cpp:(.text._ZNSt3__120__shared_ptr_emplaceIN6spdlog6loggerENS_9allocatorIS2_EEED2Ev[_ZNSt3__120__shared_ptr_emplaceIN6spdlog6loggerENS_9allocatorIS2_EEED2Ev]+0x30): undefined reference to `std::__1::__shared_weak_count::~__shared_weak_count()'
/usr/bin/ld: /root/.conan2/p/b/spdlo3b2989ab5aced/p/lib/libspdlogd.a(spdlog.cpp.o): in function `spdlog::logger::logger(std::__1::basic_string<char, std::__1::char_traits<char>, std::__1::allocator<char> >, std::initializer_list<std::__1::shared_ptr<spdlog::sinks::sink> >)':
spdlog.cpp:(.text._ZN6spdlog6loggerC2ENSt3__112basic_stringIcNS1_11char_traitsIcEENS1_9allocatorIcEEEESt16initializer_listINS1_10shared_ptrINS_5sinks4sinkEEEE[_ZN6spdlog6loggerC2ENSt3__112basic_stringIcNS1_11char_traitsIcEENS1_9allocatorIcEEEESt16initializer_listINS1_10shared_ptrINS_5sinks4sinkEEEE]+0x65): undefined reference to `std::__1::basic_string<char, std::__1::char_traits<char>, std::__1::allocator<char> >::~basic_string()'
/usr/bin/ld: spdlog.cpp:(.text._ZN6spdlog6loggerC2ENSt3__112basic_stringIcNS1_11char_traitsIcEENS1_9allocatorIcEEEESt16initializer_listINS1_10shared_ptrINS_5sinks4sinkEEEE[_ZN6spdlog6loggerC2ENSt3__112basic_stringIcNS1_11char_traitsIcEENS1_9allocatorIcEEEESt16initializer_listINS1_10shared_ptrINS_5sinks4sinkEEEE]+0x80): undefined reference to `std::__1::basic_string<char, std::__1::char_traits<char>, std::__1::allocator<char> >::~basic_string()'
/usr/bin/ld: /root/.conan2/p/b/spdlo3b2989ab5aced/p/lib/libspdlogd.a(spdlog.cpp.o): in function `void std::__1::__hash_table<std::__1::__hash_value_type<std::__1::basic_string<char, std::__1::char_traits<char>, std::__1::allocator<char> >, std::__1::shared_ptr<spdlog::logger> >, std::__1::__unordered_map_hasher<std::__1::basic_string<char, std::__1::char_traits<char>, std::__1::allocator<char> >, std::__1::__hash_value_type<std::__1::basic_string<char, std::__1::char_traits<char>, std::__1::allocator<char> >, std::__1::shared_ptr<spdlog::logger> >, std::__1::hash<std::__1::basic_string<char, std::__1::char_traits<char>, std::__1::allocator<char> > >, std::__1::equal_to<std::__1::basic_string<char, std::__1::char_traits<char>, std::__1::allocator<char> > >, true>, std::__1::__unordered_map_equal<std::__1::basic_string<char, std::__1::char_traits<char>, std::__1::allocator<char> >, std::__1::__hash_value_type<std::__1::basic_string<char, std::__1::char_traits<char>, std::__1::allocator<char> >, std::__1::shared_ptr<spdlog::logger> >, std::__1::equal_to<std::__1::basic_string<char, std::__1::char_traits<char>, std::__1::allocator<char> > >, std::__1::hash<std::__1::basic_string<char, std::__1::char_traits<char>, std::__1::allocator<char> > >, true>, std::__1::allocator<std::__1::__hash_value_type<std::__1::basic_string<char, std::__1::char_traits<char>, std::__1::allocator<char> >, std::__1::shared_ptr<spdlog::logger> > > >::__rehash<true>(unsigned long)':
spdlog.cpp:(.text._ZNSt3__112__hash_tableINS_17__hash_value_typeINS_12basic_stringIcNS_11char_traitsIcEENS_9allocatorIcEEEENS_10shared_ptrIN6spdlog6loggerEEEEENS_22__unordered_map_hasherIS7_SC_NS_4hashIS7_EENS_8equal_toIS7_EELb1EEENS_21__unordered_map_equalIS7_SC_SH_SF_Lb1EEENS5_ISC_EEE8__rehashILb1EEEvm[_ZNSt3__112__hash_tableINS_17__hash_value_typeINS_12basic_stringIcNS_11char_traitsIcEENS_9allocatorIcEEEENS_10shared_ptrIN6spdlog6loggerEEEEENS_22__unordered_map_hasherIS7_SC_NS_4hashIS7_EENS_8equal_toIS7_EELb1EEENS_21__unordered_map_equalIS7_SC_SH_SF_Lb1EEENS5_ISC_EEE8__rehashILb1EEEvm]+0x4e): undefined reference to `std::__1::__next_prime(unsigned long)'
/usr/bin/ld: spdlog.cpp:(.text._ZNSt3__112__hash_tableINS_17__hash_value_typeINS_12basic_stringIcNS_11char_traitsIcEENS_9allocatorIcEEEENS_10shared_ptrIN6spdlog6loggerEEEEENS_22__unordered_map_hasherIS7_SC_NS_4hashIS7_EENS_8equal_toIS7_EELb1EEENS_21__unordered_map_equalIS7_SC_SH_SF_Lb1EEENS5_ISC_EEE8__rehashILb1EEEvm[_ZNSt3__112__hash_tableINS_17__hash_value_typeINS_12basic_stringIcNS_11char_traitsIcEENS_9allocatorIcEEEENS_10shared_ptrIN6spdlog6loggerEEEEENS_22__unordered_map_hasherIS7_SC_NS_4hashIS7_EENS_8equal_toIS7_EELb1EEENS_21__unordered_map_equalIS7_SC_SH_SF_Lb1EEENS5_ISC_EEE8__rehashILb1EEEvm]+0x1db): undefined reference to `std::__1::__next_prime(unsigned long)'
/usr/bin/ld: /root/.conan2/p/b/spdlo3b2989ab5aced/p/lib/libspdlogd.a(spdlog.cpp.o): in function `std::__1::piecewise_construct_t std::__1::pair<std::__1::basic_string<char, std::__1::char_traits<char>, std::__1::allocator<char> > const, std::__1::shared_ptr<spdlog::logger> >::pair[abi:ue170006]<std::__1::basic_string<char, std::__1::char_traits<char>, std::__1::allocator<char> > const&, , 0ul>(std::__1::tuple<std::__1::basic_string<char, std::__1::char_traits<char>, std::__1::allocator<char> > const&>&, std::__1::tuple<>&, std::__1::__tuple_indices<0ul>, std::__1::__tuple_indices<>)':
spdlog.cpp:(.text._ZNSt3__14pairIKNS_12basic_stringIcNS_11char_traitsIcEENS_9allocatorIcEEEENS_10shared_ptrIN6spdlog6loggerEEEEC2B8ue170006IJRS7_EJEJLm0EEJEEENS_21piecewise_construct_tERNS_5tupleIJDpT_EEERNSG_IJDpT0_EEENS_15__tuple_indicesIJXspT1_EEEENSP_IJXspT2_EEEE[_ZNSt3__14pairIKNS_12basic_stringIcNS_11char_traitsIcEENS_9allocatorIcEEEENS_10shared_ptrIN6spdlog6loggerEEEEC2B8ue170006IJRS7_EJEJLm0EEJEEENS_21piecewise_construct_tERNS_5tupleIJDpT_EEERNSG_IJDpT0_EEENS_15__tuple_indicesIJXspT1_EEEENSP_IJXspT2_EEEE]+0x2d): undefined reference to `std::__1::basic_string<char, std::__1::char_traits<char>, std::__1::allocator<char> >::basic_string(std::__1::basic_string<char, std::__1::char_traits<char>, std::__1::allocator<char> > const&)'
/usr/bin/ld: /root/.conan2/p/b/spdlo3b2989ab5aced/p/lib/libspdlogd.a(spdlog.cpp.o): in function `std::__1::allocator<spdlog::logger> std::__1::__shared_ptr_emplace<spdlog::logger, std::__1::allocator<spdlog::logger> >::__shared_ptr_emplace[abi:ue170006]<spdlog::logger&>(spdlog::logger&)':
spdlog.cpp:(.text._ZNSt3__120__shared_ptr_emplaceIN6spdlog6loggerENS_9allocatorIS2_EEEC2B8ue170006IJRS2_EEES4_DpOT_[_ZNSt3__120__shared_ptr_emplaceIN6spdlog6loggerENS_9allocatorIS2_EEEC2B8ue170006IJRS2_EEES4_DpOT_]+0x94): undefined reference to `std::__1::__shared_weak_count::~__shared_weak_count()'
/usr/bin/ld: /root/.conan2/p/b/spdlo3b2989ab5aced/p/lib/libspdlogd.a(spdlog.cpp.o): in function `std::__1::pair<std::__1::basic_string<char, std::__1::char_traits<char>, std::__1::allocator<char> > const, std::__1::basic_string<char, std::__1::char_traits<char>, std::__1::allocator<char> > >::~pair()':
spdlog.cpp:(.text._ZNSt3__14pairIKNS_12basic_stringIcNS_11char_traitsIcEENS_9allocatorIcEEEES6_ED2Ev[_ZNSt3__14pairIKNS_12basic_stringIcNS_11char_traitsIcEENS_9allocatorIcEEEES6_ED2Ev]+0x19): undefined reference to `std::__1::basic_string<char, std::__1::char_traits<char>, std::__1::allocator<char> >::~basic_string()'
/usr/bin/ld: spdlog.cpp:(.text._ZNSt3__14pairIKNS_12basic_stringIcNS_11char_traitsIcEENS_9allocatorIcEEEES6_ED2Ev[_ZNSt3__14pairIKNS_12basic_stringIcNS_11char_traitsIcEENS_9allocatorIcEEEES6_ED2Ev]+0x22): undefined reference to `std::__1::basic_string<char, std::__1::char_traits<char>, std::__1::allocator<char> >::~basic_string()'
/usr/bin/ld: /root/.conan2/p/b/spdlo3b2989ab5aced/p/lib/libspdlogd.a(spdlog.cpp.o): in function `void std::__1::__hash_table<std::__1::__hash_value_type<char, std::__1::unique_ptr<spdlog::custom_flag_formatter, std::__1::default_delete<spdlog::custom_flag_formatter> > >, std::__1::__unordered_map_hasher<char, std::__1::__hash_value_type<char, std::__1::unique_ptr<spdlog::custom_flag_formatter, std::__1::default_delete<spdlog::custom_flag_formatter> > >, std::__1::hash<char>, std::__1::equal_to<char>, true>, std::__1::__unordered_map_equal<char, std::__1::__hash_value_type<char, std::__1::unique_ptr<spdlog::custom_flag_formatter, std::__1::default_delete<spdlog::custom_flag_formatter> > >, std::__1::equal_to<char>, std::__1::hash<char>, true>, std::__1::allocator<std::__1::__hash_value_type<char, std::__1::unique_ptr<spdlog::custom_flag_formatter, std::__1::default_delete<spdlog::custom_flag_formatter> > > > >::__rehash<true>(unsigned long)':
spdlog.cpp:(.text._ZNSt3__112__hash_tableINS_17__hash_value_typeIcNS_10unique_ptrIN6spdlog21custom_flag_formatterENS_14default_deleteIS4_EEEEEENS_22__unordered_map_hasherIcS8_NS_4hashIcEENS_8equal_toIcEELb1EEENS_21__unordered_map_equalIcS8_SD_SB_Lb1EEENS_9allocatorIS8_EEE8__rehashILb1EEEvm[_ZNSt3__112__hash_tableINS_17__hash_value_typeIcNS_10unique_ptrIN6spdlog21custom_flag_formatterENS_14default_deleteIS4_EEEEEENS_22__unordered_map_hasherIcS8_NS_4hashIcEENS_8equal_toIcEELb1EEENS_21__unordered_map_equalIcS8_SD_SB_Lb1EEENS_9allocatorIS8_EEE8__rehashILb1EEEvm]+0x4e): undefined reference to `std::__1::__next_prime(unsigned long)'
/usr/bin/ld: spdlog.cpp:(.text._ZNSt3__112__hash_tableINS_17__hash_value_typeIcNS_10unique_ptrIN6spdlog21custom_flag_formatterENS_14default_deleteIS4_EEEEEENS_22__unordered_map_hasherIcS8_NS_4hashIcEENS_8equal_toIcEELb1EEENS_21__unordered_map_equalIcS8_SD_SB_Lb1EEENS_9allocatorIS8_EEE8__rehashILb1EEEvm[_ZNSt3__112__hash_tableINS_17__hash_value_typeIcNS_10unique_ptrIN6spdlog21custom_flag_formatterENS_14default_deleteIS4_EEEEEENS_22__unordered_map_hasherIcS8_NS_4hashIcEENS_8equal_toIcEELb1EEENS_21__unordered_map_equalIcS8_SD_SB_Lb1EEENS_9allocatorIS8_EEE8__rehashILb1EEEvm]+0x1db): undefined reference to `std::__1::__next_prime(unsigned long)'
/usr/bin/ld: /root/.conan2/p/b/spdlo3b2989ab5aced/p/lib/libspdlogd.a(spdlog.cpp.o): in function `spdlog::details::aggregate_formatter::~aggregate_formatter()':
spdlog.cpp:(.text._ZN6spdlog7details19aggregate_formatterD2Ev[_ZN6spdlog7details19aggregate_formatterD2Ev]+0x19): undefined reference to `std::__1::basic_string<char, std::__1::char_traits<char>, std::__1::allocator<char> >::~basic_string()'
/usr/bin/ld: /root/.conan2/p/b/spdlo3b2989ab5aced/p/lib/libspdlogd.a(spdlog.cpp.o): in function `spdlog::details::elapsed_formatter<spdlog::details::scoped_padder, std::__1::chrono::duration<long long, std::__1::ratio<1l, 1000000000l> > >::elapsed_formatter(spdlog::details::padding_info)':
spdlog.cpp:(.text._ZN6spdlog7details17elapsed_formatterINS0_13scoped_padderENSt3__16chrono8durationIxNS3_5ratioILl1ELl1000000000EEEEEEC2ENS0_12padding_infoE[_ZN6spdlog7details17elapsed_formatterINS0_13scoped_padderENSt3__16chrono8durationIxNS3_5ratioILl1ELl1000000000EEEEEEC2ENS0_12padding_infoE]+0x4c): undefined reference to `std::__1::chrono::system_clock::now()'
/usr/bin/ld: /root/.conan2/p/b/spdlo3b2989ab5aced/p/lib/libspdlogd.a(spdlog.cpp.o): in function `spdlog::details::elapsed_formatter<spdlog::details::scoped_padder, std::__1::chrono::duration<long long, std::__1::ratio<1l, 1000000l> > >::elapsed_formatter(spdlog::details::padding_info)':
spdlog.cpp:(.text._ZN6spdlog7details17elapsed_formatterINS0_13scoped_padderENSt3__16chrono8durationIxNS3_5ratioILl1ELl1000000EEEEEEC2ENS0_12padding_infoE[_ZN6spdlog7details17elapsed_formatterINS0_13scoped_padderENSt3__16chrono8durationIxNS3_5ratioILl1ELl1000000EEEEEEC2ENS0_12padding_infoE]+0x4c): undefined reference to `std::__1::chrono::system_clock::now()'
/usr/bin/ld: /root/.conan2/p/b/spdlo3b2989ab5aced/p/lib/libspdlogd.a(spdlog.cpp.o): in function `spdlog::details::elapsed_formatter<spdlog::details::scoped_padder, std::__1::chrono::duration<long long, std::__1::ratio<1l, 1000l> > >::elapsed_formatter(spdlog::details::padding_info)':
spdlog.cpp:(.text._ZN6spdlog7details17elapsed_formatterINS0_13scoped_padderENSt3__16chrono8durationIxNS3_5ratioILl1ELl1000EEEEEEC2ENS0_12padding_infoE[_ZN6spdlog7details17elapsed_formatterINS0_13scoped_padderENSt3__16chrono8durationIxNS3_5ratioILl1ELl1000EEEEEEC2ENS0_12padding_infoE]+0x4c): undefined reference to `std::__1::chrono::system_clock::now()'
/usr/bin/ld: /root/.conan2/p/b/spdlo3b2989ab5aced/p/lib/libspdlogd.a(spdlog.cpp.o): in function `spdlog::details::elapsed_formatter<spdlog::details::scoped_padder, std::__1::chrono::duration<long long, std::__1::ratio<1l, 1l> > >::elapsed_formatter(spdlog::details::padding_info)':
spdlog.cpp:(.text._ZN6spdlog7details17elapsed_formatterINS0_13scoped_padderENSt3__16chrono8durationIxNS3_5ratioILl1ELl1EEEEEEC2ENS0_12padding_infoE[_ZN6spdlog7details17elapsed_formatterINS0_13scoped_padderENSt3__16chrono8durationIxNS3_5ratioILl1ELl1EEEEEEC2ENS0_12padding_infoE]+0x4c): undefined reference to `std::__1::chrono::system_clock::now()'
/usr/bin/ld: /root/.conan2/p/b/spdlo3b2989ab5aced/p/lib/libspdlogd.a(spdlog.cpp.o): in function `spdlog::details::elapsed_formatter<spdlog::details::null_scoped_padder, std::__1::chrono::duration<long long, std::__1::ratio<1l, 1000000000l> > >::elapsed_formatter(spdlog::details::padding_info)':
spdlog.cpp:(.text._ZN6spdlog7details17elapsed_formatterINS0_18null_scoped_padderENSt3__16chrono8durationIxNS3_5ratioILl1ELl1000000000EEEEEEC2ENS0_12padding_infoE[_ZN6spdlog7details17elapsed_formatterINS0_18null_scoped_padderENSt3__16chrono8durationIxNS3_5ratioILl1ELl1000000000EEEEEEC2ENS0_12padding_infoE]+0x4c): undefined reference to `std::__1::chrono::system_clock::now()'
/usr/bin/ld: /root/.conan2/p/b/spdlo3b2989ab5aced/p/lib/libspdlogd.a(spdlog.cpp.o):spdlog.cpp:(.text._ZN6spdlog7details17elapsed_formatterINS0_18null_scoped_padderENSt3__16chrono8durationIxNS3_5ratioILl1ELl1000000EEEEEEC2ENS0_12padding_infoE[_ZN6spdlog7details17elapsed_formatterINS0_18null_scoped_padderENSt3__16chrono8durationIxNS3_5ratioILl1ELl1000000EEEEEEC2ENS0_12padding_infoE]+0x4c): more undefined references to `std::__1::chrono::system_clock::now()' follow
/usr/bin/ld: /root/.conan2/p/b/spdlo3b2989ab5aced/p/lib/libspdlogd.a(spdlog.cpp.o):(.data.rel.ro._ZTVNSt3__120__shared_ptr_emplaceIN6spdlog5sinks21ansicolor_stdout_sinkINS1_7details13console_mutexEEENS_9allocatorIS6_EEEE[_ZTVNSt3__120__shared_ptr_emplaceIN6spdlog5sinks21ansicolor_stdout_sinkINS1_7details13console_mutexEEENS_9allocatorIS6_EEEE]+0x28): undefined reference to `std::__1::__shared_weak_count::__get_deleter(std::type_info const&) const'
/usr/bin/ld: /root/.conan2/p/b/spdlo3b2989ab5aced/p/lib/libspdlogd.a(spdlog.cpp.o):(.data.rel.ro._ZTINSt3__120__shared_ptr_emplaceIN6spdlog5sinks21ansicolor_stdout_sinkINS1_7details13console_mutexEEENS_9allocatorIS6_EEEE[_ZTINSt3__120__shared_ptr_emplaceIN6spdlog5sinks21ansicolor_stdout_sinkINS1_7details13console_mutexEEENS_9allocatorIS6_EEEE]+0x10): undefined reference to `typeinfo for std::__1::__shared_weak_count'
/usr/bin/ld: /root/.conan2/p/b/spdlo3b2989ab5aced/p/lib/libspdlogd.a(spdlog.cpp.o):(.data.rel.ro._ZTVNSt3__120__shared_ptr_emplaceIN6spdlog6loggerENS_9allocatorIS2_EEEE[_ZTVNSt3__120__shared_ptr_emplaceIN6spdlog6loggerENS_9allocatorIS2_EEEE]+0x28): undefined reference to `std::__1::__shared_weak_count::__get_deleter(std::type_info const&) const'
/usr/bin/ld: /root/.conan2/p/b/spdlo3b2989ab5aced/p/lib/libspdlogd.a(spdlog.cpp.o):(.data.rel.ro._ZTINSt3__120__shared_ptr_emplaceIN6spdlog6loggerENS_9allocatorIS2_EEEE[_ZTINSt3__120__shared_ptr_emplaceIN6spdlog6loggerENS_9allocatorIS2_EEEE]+0x10): undefined reference to `typeinfo for std::__1::__shared_weak_count'
/usr/bin/ld: /usr/bin/ld: DWARF error: invalid or unhandled FORM value: 0x23
/root/.conan2/p/b/spdlo3b2989ab5aced/p/lib/libspdlogd.a(color_sinks.cpp.o): in function `spdlog::sinks::ansicolor_sink<spdlog::details::console_mutex>::ansicolor_sink(_IO_FILE*, spdlog::color_mode)':
color_sinks.cpp:(.text._ZN6spdlog5sinks14ansicolor_sinkINS_7details13console_mutexEEC2EP8_IO_FILENS_10color_modeE[_ZN6spdlog5sinks14ansicolor_sinkINS_7details13console_mutexEEC5EP8_IO_FILENS_10color_modeE]+0x473): undefined reference to `std::__1::basic_string<char, std::__1::char_traits<char>, std::__1::allocator<char> >::~basic_string()'
/usr/bin/ld: color_sinks.cpp:(.text._ZN6spdlog5sinks14ansicolor_sinkINS_7details13console_mutexEEC2EP8_IO_FILENS_10color_modeE[_ZN6spdlog5sinks14ansicolor_sinkINS_7details13console_mutexEEC5EP8_IO_FILENS_10color_modeE]+0x4d6): undefined reference to `std::__1::basic_string<char, std::__1::char_traits<char>, std::__1::allocator<char> >::~basic_string()'
/usr/bin/ld: color_sinks.cpp:(.text._ZN6spdlog5sinks14ansicolor_sinkINS_7details13console_mutexEEC2EP8_IO_FILENS_10color_modeE[_ZN6spdlog5sinks14ansicolor_sinkINS_7details13console_mutexEEC5EP8_IO_FILENS_10color_modeE]+0x539): undefined reference to `std::__1::basic_string<char, std::__1::char_traits<char>, std::__1::allocator<char> >::~basic_string()'
/usr/bin/ld: color_sinks.cpp:(.text._ZN6spdlog5sinks14ansicolor_sinkINS_7details13console_mutexEEC2EP8_IO_FILENS_10color_modeE[_ZN6spdlog5sinks14ansicolor_sinkINS_7details13console_mutexEEC5EP8_IO_FILENS_10color_modeE]+0x5a2): undefined reference to `std::__1::basic_string<char, std::__1::char_traits<char>, std::__1::allocator<char> >::~basic_string()'
/usr/bin/ld: color_sinks.cpp:(.text._ZN6spdlog5sinks14ansicolor_sinkINS_7details13console_mutexEEC2EP8_IO_FILENS_10color_modeE[_ZN6spdlog5sinks14ansicolor_sinkINS_7details13console_mutexEEC5EP8_IO_FILENS_10color_modeE]+0x60b): undefined reference to `std::__1::basic_string<char, std::__1::char_traits<char>, std::__1::allocator<char> >::~basic_string()'
/usr/bin/ld: /root/.conan2/p/b/spdlo3b2989ab5aced/p/lib/libspdlogd.a(color_sinks.cpp.o):color_sinks.cpp:(.text._ZN6spdlog5sinks14ansicolor_sinkINS_7details13console_mutexEEC2EP8_IO_FILENS_10color_modeE[_ZN6spdlog5sinks14ansicolor_sinkINS_7details13console_mutexEEC5EP8_IO_FILENS_10color_modeE]+0x674): more undefined references to `std::__1::basic_string<char, std::__1::char_traits<char>, std::__1::allocator<char> >::~basic_string()' follow
/usr/bin/ld: /root/.conan2/p/b/spdlo3b2989ab5aced/p/lib/libspdlogd.a(color_sinks.cpp.o): in function `spdlog::sinks::ansicolor_sink<spdlog::details::console_mutex>::set_pattern(std::__1::basic_string<char, std::__1::char_traits<char>, std::__1::allocator<char> > const&)':
color_sinks.cpp:(.text._ZN6spdlog5sinks14ansicolor_sinkINS_7details13console_mutexEE11set_patternERKNSt3__112basic_stringIcNS5_11char_traitsIcEENS5_9allocatorIcEEEE[_ZN6spdlog5sinks14ansicolor_sinkINS_7details13console_mutexEE11set_patternERKNSt3__112basic_stringIcNS5_11char_traitsIcEENS5_9allocatorIcEEEE]+0x54): undefined reference to `std::__1::basic_string<char, std::__1::char_traits<char>, std::__1::allocator<char> >::basic_string(std::__1::basic_string<char, std::__1::char_traits<char>, std::__1::allocator<char> > const&)'
/usr/bin/ld: color_sinks.cpp:(.text._ZN6spdlog5sinks14ansicolor_sinkINS_7details13console_mutexEE11set_patternERKNSt3__112basic_stringIcNS5_11char_traitsIcEENS5_9allocatorIcEEEE[_ZN6spdlog5sinks14ansicolor_sinkINS_7details13console_mutexEE11set_patternERKNSt3__112basic_stringIcNS5_11char_traitsIcEENS5_9allocatorIcEEEE]+0xef): undefined reference to `std::__1::basic_string<char, std::__1::char_traits<char>, std::__1::allocator<char> >::~basic_string()'
/usr/bin/ld: color_sinks.cpp:(.text._ZN6spdlog5sinks14ansicolor_sinkINS_7details13console_mutexEE11set_patternERKNSt3__112basic_stringIcNS5_11char_traitsIcEENS5_9allocatorIcEEEE[_ZN6spdlog5sinks14ansicolor_sinkINS_7details13console_mutexEE11set_patternERKNSt3__112basic_stringIcNS5_11char_traitsIcEENS5_9allocatorIcEEEE]+0xf8): undefined reference to `std::__1::basic_string<char, std::__1::char_traits<char>, std::__1::allocator<char> >::~basic_string()'
/usr/bin/ld: color_sinks.cpp:(.text._ZN6spdlog5sinks14ansicolor_sinkINS_7details13console_mutexEE11set_patternERKNSt3__112basic_stringIcNS5_11char_traitsIcEENS5_9allocatorIcEEEE[_ZN6spdlog5sinks14ansicolor_sinkINS_7details13console_mutexEE11set_patternERKNSt3__112basic_stringIcNS5_11char_traitsIcEENS5_9allocatorIcEEEE]+0x15e): undefined reference to `std::__1::basic_string<char, std::__1::char_traits<char>, std::__1::allocator<char> >::~basic_string()'
/usr/bin/ld: color_sinks.cpp:(.text._ZN6spdlog5sinks14ansicolor_sinkINS_7details13console_mutexEE11set_patternERKNSt3__112basic_stringIcNS5_11char_traitsIcEENS5_9allocatorIcEEEE[_ZN6spdlog5sinks14ansicolor_sinkINS_7details13console_mutexEE11set_patternERKNSt3__112basic_stringIcNS5_11char_traitsIcEENS5_9allocatorIcEEEE]+0x167): undefined reference to `std::__1::basic_string<char, std::__1::char_traits<char>, std::__1::allocator<char> >::~basic_string()'
/usr/bin/ld: /root/.conan2/p/b/spdlo3b2989ab5aced/p/lib/libspdlogd.a(color_sinks.cpp.o): in function `spdlog::sinks::ansicolor_sink<spdlog::details::console_nullmutex>::ansicolor_sink(_IO_FILE*, spdlog::color_mode)':
color_sinks.cpp:(.text._ZN6spdlog5sinks14ansicolor_sinkINS_7details17console_nullmutexEEC2EP8_IO_FILENS_10color_modeE[_ZN6spdlog5sinks14ansicolor_sinkINS_7details17console_nullmutexEEC5EP8_IO_FILENS_10color_modeE]+0x473): undefined reference to `std::__1::basic_string<char, std::__1::char_traits<char>, std::__1::allocator<char> >::~basic_string()'
/usr/bin/ld: /root/.conan2/p/b/spdlo3b2989ab5aced/p/lib/libspdlogd.a(color_sinks.cpp.o):color_sinks.cpp:(.text._ZN6spdlog5sinks14ansicolor_sinkINS_7details17console_nullmutexEEC2EP8_IO_FILENS_10color_modeE[_ZN6spdlog5sinks14ansicolor_sinkINS_7details17console_nullmutexEEC5EP8_IO_FILENS_10color_modeE]+0x4d6): more undefined references to `std::__1::basic_string<char, std::__1::char_traits<char>, std::__1::allocator<char> >::~basic_string()' follow
/usr/bin/ld: /root/.conan2/p/b/spdlo3b2989ab5aced/p/lib/libspdlogd.a(color_sinks.cpp.o): in function `spdlog::sinks::ansicolor_sink<spdlog::details::console_nullmutex>::set_pattern(std::__1::basic_string<char, std::__1::char_traits<char>, std::__1::allocator<char> > const&)':
color_sinks.cpp:(.text._ZN6spdlog5sinks14ansicolor_sinkINS_7details17console_nullmutexEE11set_patternERKNSt3__112basic_stringIcNS5_11char_traitsIcEENS5_9allocatorIcEEEE[_ZN6spdlog5sinks14ansicolor_sinkINS_7details17console_nullmutexEE11set_patternERKNSt3__112basic_stringIcNS5_11char_traitsIcEENS5_9allocatorIcEEEE]+0x54): undefined reference to `std::__1::basic_string<char, std::__1::char_traits<char>, std::__1::allocator<char> >::basic_string(std::__1::basic_string<char, std::__1::char_traits<char>, std::__1::allocator<char> > const&)'
/usr/bin/ld: color_sinks.cpp:(.text._ZN6spdlog5sinks14ansicolor_sinkINS_7details17console_nullmutexEE11set_patternERKNSt3__112basic_stringIcNS5_11char_traitsIcEENS5_9allocatorIcEEEE[_ZN6spdlog5sinks14ansicolor_sinkINS_7details17console_nullmutexEE11set_patternERKNSt3__112basic_stringIcNS5_11char_traitsIcEENS5_9allocatorIcEEEE]+0xef): undefined reference to `std::__1::basic_string<char, std::__1::char_traits<char>, std::__1::allocator<char> >::~basic_string()'
/usr/bin/ld: color_sinks.cpp:(.text._ZN6spdlog5sinks14ansicolor_sinkINS_7details17console_nullmutexEE11set_patternERKNSt3__112basic_stringIcNS5_11char_traitsIcEENS5_9allocatorIcEEEE[_ZN6spdlog5sinks14ansicolor_sinkINS_7details17console_nullmutexEE11set_patternERKNSt3__112basic_stringIcNS5_11char_traitsIcEENS5_9allocatorIcEEEE]+0xf8): undefined reference to `std::__1::basic_string<char, std::__1::char_traits<char>, std::__1::allocator<char> >::~basic_string()'
/usr/bin/ld: color_sinks.cpp:(.text._ZN6spdlog5sinks14ansicolor_sinkINS_7details17console_nullmutexEE11set_patternERKNSt3__112basic_stringIcNS5_11char_traitsIcEENS5_9allocatorIcEEEE[_ZN6spdlog5sinks14ansicolor_sinkINS_7details17console_nullmutexEE11set_patternERKNSt3__112basic_stringIcNS5_11char_traitsIcEENS5_9allocatorIcEEEE]+0x15e): undefined reference to `std::__1::basic_string<char, std::__1::char_traits<char>, std::__1::allocator<char> >::~basic_string()'
/usr/bin/ld: color_sinks.cpp:(.text._ZN6spdlog5sinks14ansicolor_sinkINS_7details17console_nullmutexEE11set_patternERKNSt3__112basic_stringIcNS5_11char_traitsIcEENS5_9allocatorIcEEEE[_ZN6spdlog5sinks14ansicolor_sinkINS_7details17console_nullmutexEE11set_patternERKNSt3__112basic_stringIcNS5_11char_traitsIcEENS5_9allocatorIcEEEE]+0x167): undefined reference to `std::__1::basic_string<char, std::__1::char_traits<char>, std::__1::allocator<char> >::~basic_string()'
/usr/bin/ld: /root/.conan2/p/b/spdlo3b2989ab5aced/p/lib/libspdlogd.a(color_sinks.cpp.o): in function `std::__1::shared_ptr<spdlog::logger> spdlog::stdout_color_mt<spdlog::synchronous_factory>(std::__1::basic_string<char, std::__1::char_traits<char>, std::__1::allocator<char> > const&, spdlog::color_mode)':
color_sinks.cpp:(.text._ZN6spdlog15stdout_color_mtINS_19synchronous_factoryEEENSt3__110shared_ptrINS_6loggerEEERKNS2_12basic_stringIcNS2_11char_traitsIcEENS2_9allocatorIcEEEENS_10color_modeE[_ZN6spdlog15stdout_color_mtINS_19synchronous_factoryEEENSt3__110shared_ptrINS_6loggerEEERKNS2_12basic_stringIcNS2_11char_traitsIcEENS2_9allocatorIcEEEENS_10color_modeE]+0x2b): undefined reference to `std::__1::basic_string<char, std::__1::char_traits<char>, std::__1::allocator<char> >::basic_string(std::__1::basic_string<char, std::__1::char_traits<char>, std::__1::allocator<char> > const&)'
/usr/bin/ld: color_sinks.cpp:(.text._ZN6spdlog15stdout_color_mtINS_19synchronous_factoryEEENSt3__110shared_ptrINS_6loggerEEERKNS2_12basic_stringIcNS2_11char_traitsIcEENS2_9allocatorIcEEEENS_10color_modeE[_ZN6spdlog15stdout_color_mtINS_19synchronous_factoryEEENSt3__110shared_ptrINS_6loggerEEERKNS2_12basic_stringIcNS2_11char_traitsIcEENS2_9allocatorIcEEEENS_10color_modeE]+0x4a): undefined reference to `std::__1::basic_string<char, std::__1::char_traits<char>, std::__1::allocator<char> >::~basic_string()'
/usr/bin/ld: color_sinks.cpp:(.text._ZN6spdlog15stdout_color_mtINS_19synchronous_factoryEEENSt3__110shared_ptrINS_6loggerEEERKNS2_12basic_stringIcNS2_11char_traitsIcEENS2_9allocatorIcEEEENS_10color_modeE[_ZN6spdlog15stdout_color_mtINS_19synchronous_factoryEEENSt3__110shared_ptrINS_6loggerEEERKNS2_12basic_stringIcNS2_11char_traitsIcEENS2_9allocatorIcEEEENS_10color_modeE]+0x69): undefined reference to `std::__1::basic_string<char, std::__1::char_traits<char>, std::__1::allocator<char> >::~basic_string()'
/usr/bin/ld: /root/.conan2/p/b/spdlo3b2989ab5aced/p/lib/libspdlogd.a(color_sinks.cpp.o): in function `std::__1::shared_ptr<spdlog::logger> spdlog::stdout_color_st<spdlog::synchronous_factory>(std::__1::basic_string<char, std::__1::char_traits<char>, std::__1::allocator<char> > const&, spdlog::color_mode)':
color_sinks.cpp:(.text._ZN6spdlog15stdout_color_stINS_19synchronous_factoryEEENSt3__110shared_ptrINS_6loggerEEERKNS2_12basic_stringIcNS2_11char_traitsIcEENS2_9allocatorIcEEEENS_10color_modeE[_ZN6spdlog15stdout_color_stINS_19synchronous_factoryEEENSt3__110shared_ptrINS_6loggerEEERKNS2_12basic_stringIcNS2_11char_traitsIcEENS2_9allocatorIcEEEENS_10color_modeE]+0x2b): undefined reference to `std::__1::basic_string<char, std::__1::char_traits<char>, std::__1::allocator<char> >::basic_string(std::__1::basic_string<char, std::__1::char_traits<char>, std::__1::allocator<char> > const&)'
/usr/bin/ld: color_sinks.cpp:(.text._ZN6spdlog15stdout_color_stINS_19synchronous_factoryEEENSt3__110shared_ptrINS_6loggerEEERKNS2_12basic_stringIcNS2_11char_traitsIcEENS2_9allocatorIcEEEENS_10color_modeE[_ZN6spdlog15stdout_color_stINS_19synchronous_factoryEEENSt3__110shared_ptrINS_6loggerEEERKNS2_12basic_stringIcNS2_11char_traitsIcEENS2_9allocatorIcEEEENS_10color_modeE]+0x4a): undefined reference to `std::__1::basic_string<char, std::__1::char_traits<char>, std::__1::allocator<char> >::~basic_string()'
/usr/bin/ld: color_sinks.cpp:(.text._ZN6spdlog15stdout_color_stINS_19synchronous_factoryEEENSt3__110shared_ptrINS_6loggerEEERKNS2_12basic_stringIcNS2_11char_traitsIcEENS2_9allocatorIcEEEENS_10color_modeE[_ZN6spdlog15stdout_color_stINS_19synchronous_factoryEEENSt3__110shared_ptrINS_6loggerEEERKNS2_12basic_stringIcNS2_11char_traitsIcEENS2_9allocatorIcEEEENS_10color_modeE]+0x69): undefined reference to `std::__1::basic_string<char, std::__1::char_traits<char>, std::__1::allocator<char> >::~basic_string()'
/usr/bin/ld: /root/.conan2/p/b/spdlo3b2989ab5aced/p/lib/libspdlogd.a(color_sinks.cpp.o): in function `std::__1::shared_ptr<spdlog::logger> spdlog::stderr_color_mt<spdlog::synchronous_factory>(std::__1::basic_string<char, std::__1::char_traits<char>, std::__1::allocator<char> > const&, spdlog::color_mode)':
color_sinks.cpp:(.text._ZN6spdlog15stderr_color_mtINS_19synchronous_factoryEEENSt3__110shared_ptrINS_6loggerEEERKNS2_12basic_stringIcNS2_11char_traitsIcEENS2_9allocatorIcEEEENS_10color_modeE[_ZN6spdlog15stderr_color_mtINS_19synchronous_factoryEEENSt3__110shared_ptrINS_6loggerEEERKNS2_12basic_stringIcNS2_11char_traitsIcEENS2_9allocatorIcEEEENS_10color_modeE]+0x2b): undefined reference to `std::__1::basic_string<char, std::__1::char_traits<char>, std::__1::allocator<char> >::basic_string(std::__1::basic_string<char, std::__1::char_traits<char>, std::__1::allocator<char> > const&)'
/usr/bin/ld: color_sinks.cpp:(.text._ZN6spdlog15stderr_color_mtINS_19synchronous_factoryEEENSt3__110shared_ptrINS_6loggerEEERKNS2_12basic_stringIcNS2_11char_traitsIcEENS2_9allocatorIcEEEENS_10color_modeE[_ZN6spdlog15stderr_color_mtINS_19synchronous_factoryEEENSt3__110shared_ptrINS_6loggerEEERKNS2_12basic_stringIcNS2_11char_traitsIcEENS2_9allocatorIcEEEENS_10color_modeE]+0x4a): undefined reference to `std::__1::basic_string<char, std::__1::char_traits<char>, std::__1::allocator<char> >::~basic_string()'
/usr/bin/ld: color_sinks.cpp:(.text._ZN6spdlog15stderr_color_mtINS_19synchronous_factoryEEENSt3__110shared_ptrINS_6loggerEEERKNS2_12basic_stringIcNS2_11char_traitsIcEENS2_9allocatorIcEEEENS_10color_modeE[_ZN6spdlog15stderr_color_mtINS_19synchronous_factoryEEENSt3__110shared_ptrINS_6loggerEEERKNS2_12basic_stringIcNS2_11char_traitsIcEENS2_9allocatorIcEEEENS_10color_modeE]+0x69): undefined reference to `std::__1::basic_string<char, std::__1::char_traits<char>, std::__1::allocator<char> >::~basic_string()'
/usr/bin/ld: /root/.conan2/p/b/spdlo3b2989ab5aced/p/lib/libspdlogd.a(color_sinks.cpp.o): in function `std::__1::shared_ptr<spdlog::logger> spdlog::stderr_color_st<spdlog::synchronous_factory>(std::__1::basic_string<char, std::__1::char_traits<char>, std::__1::allocator<char> > const&, spdlog::color_mode)':
color_sinks.cpp:(.text._ZN6spdlog15stderr_color_stINS_19synchronous_factoryEEENSt3__110shared_ptrINS_6loggerEEERKNS2_12basic_stringIcNS2_11char_traitsIcEENS2_9allocatorIcEEEENS_10color_modeE[_ZN6spdlog15stderr_color_stINS_19synchronous_factoryEEENSt3__110shared_ptrINS_6loggerEEERKNS2_12basic_stringIcNS2_11char_traitsIcEENS2_9allocatorIcEEEENS_10color_modeE]+0x2b): undefined reference to `std::__1::basic_string<char, std::__1::char_traits<char>, std::__1::allocator<char> >::basic_string(std::__1::basic_string<char, std::__1::char_traits<char>, std::__1::allocator<char> > const&)'
/usr/bin/ld: color_sinks.cpp:(.text._ZN6spdlog15stderr_color_stINS_19synchronous_factoryEEENSt3__110shared_ptrINS_6loggerEEERKNS2_12basic_stringIcNS2_11char_traitsIcEENS2_9allocatorIcEEEENS_10color_modeE[_ZN6spdlog15stderr_color_stINS_19synchronous_factoryEEENSt3__110shared_ptrINS_6loggerEEERKNS2_12basic_stringIcNS2_11char_traitsIcEENS2_9allocatorIcEEEENS_10color_modeE]+0x4a): undefined reference to `std::__1::basic_string<char, std::__1::char_traits<char>, std::__1::allocator<char> >::~basic_string()'
/usr/bin/ld: color_sinks.cpp:(.text._ZN6spdlog15stderr_color_stINS_19synchronous_factoryEEENSt3__110shared_ptrINS_6loggerEEERKNS2_12basic_stringIcNS2_11char_traitsIcEENS2_9allocatorIcEEEENS_10color_modeE[_ZN6spdlog15stderr_color_stINS_19synchronous_factoryEEENSt3__110shared_ptrINS_6loggerEEERKNS2_12basic_stringIcNS2_11char_traitsIcEENS2_9allocatorIcEEEENS_10color_modeE]+0x69): undefined reference to `std::__1::basic_string<char, std::__1::char_traits<char>, std::__1::allocator<char> >::~basic_string()'
/usr/bin/ld: /root/.conan2/p/b/spdlo3b2989ab5aced/p/lib/libspdlogd.a(color_sinks.cpp.o): in function `std::__1::shared_ptr<spdlog::logger> spdlog::stdout_color_mt<spdlog::async_factory_impl<(spdlog::async_overflow_policy)0> >(std::__1::basic_string<char, std::__1::char_traits<char>, std::__1::allocator<char> > const&, spdlog::color_mode)':
color_sinks.cpp:(.text._ZN6spdlog15stdout_color_mtINS_18async_factory_implILNS_21async_overflow_policyE0EEEEENSt3__110shared_ptrINS_6loggerEEERKNS4_12basic_stringIcNS4_11char_traitsIcEENS4_9allocatorIcEEEENS_10color_modeE[_ZN6spdlog15stdout_color_mtINS_18async_factory_implILNS_21async_overflow_policyE0EEEEENSt3__110shared_ptrINS_6loggerEEERKNS4_12basic_stringIcNS4_11char_traitsIcEENS4_9allocatorIcEEEENS_10color_modeE]+0x2b): undefined reference to `std::__1::basic_string<char, std::__1::char_traits<char>, std::__1::allocator<char> >::basic_string(std::__1::basic_string<char, std::__1::char_traits<char>, std::__1::allocator<char> > const&)'
/usr/bin/ld: color_sinks.cpp:(.text._ZN6spdlog15stdout_color_mtINS_18async_factory_implILNS_21async_overflow_policyE0EEEEENSt3__110shared_ptrINS_6loggerEEERKNS4_12basic_stringIcNS4_11char_traitsIcEENS4_9allocatorIcEEEENS_10color_modeE[_ZN6spdlog15stdout_color_mtINS_18async_factory_implILNS_21async_overflow_policyE0EEEEENSt3__110shared_ptrINS_6loggerEEERKNS4_12basic_stringIcNS4_11char_traitsIcEENS4_9allocatorIcEEEENS_10color_modeE]+0x60): undefined reference to `std::__1::basic_string<char, std::__1::char_traits<char>, std::__1::allocator<char> >::~basic_string()'
/usr/bin/ld: color_sinks.cpp:(.text._ZN6spdlog15stdout_color_mtINS_18async_factory_implILNS_21async_overflow_policyE0EEEEENSt3__110shared_ptrINS_6loggerEEERKNS4_12basic_stringIcNS4_11char_traitsIcEENS4_9allocatorIcEEEENS_10color_modeE[_ZN6spdlog15stdout_color_mtINS_18async_factory_implILNS_21async_overflow_policyE0EEEEENSt3__110shared_ptrINS_6loggerEEERKNS4_12basic_stringIcNS4_11char_traitsIcEENS4_9allocatorIcEEEENS_10color_modeE]+0x7f): undefined reference to `std::__1::basic_string<char, std::__1::char_traits<char>, std::__1::allocator<char> >::~basic_string()'
/usr/bin/ld: /root/.conan2/p/b/spdlo3b2989ab5aced/p/lib/libspdlogd.a(color_sinks.cpp.o): in function `std::__1::shared_ptr<spdlog::logger> spdlog::stdout_color_st<spdlog::async_factory_impl<(spdlog::async_overflow_policy)0> >(std::__1::basic_string<char, std::__1::char_traits<char>, std::__1::allocator<char> > const&, spdlog::color_mode)':
color_sinks.cpp:(.text._ZN6spdlog15stdout_color_stINS_18async_factory_implILNS_21async_overflow_policyE0EEEEENSt3__110shared_ptrINS_6loggerEEERKNS4_12basic_stringIcNS4_11char_traitsIcEENS4_9allocatorIcEEEENS_10color_modeE[_ZN6spdlog15stdout_color_stINS_18async_factory_implILNS_21async_overflow_policyE0EEEEENSt3__110shared_ptrINS_6loggerEEERKNS4_12basic_stringIcNS4_11char_traitsIcEENS4_9allocatorIcEEEENS_10color_modeE]+0x2b): undefined reference to `std::__1::basic_string<char, std::__1::char_traits<char>, std::__1::allocator<char> >::basic_string(std::__1::basic_string<char, std::__1::char_traits<char>, std::__1::allocator<char> > const&)'
/usr/bin/ld: color_sinks.cpp:(.text._ZN6spdlog15stdout_color_stINS_18async_factory_implILNS_21async_overflow_policyE0EEEEENSt3__110shared_ptrINS_6loggerEEERKNS4_12basic_stringIcNS4_11char_traitsIcEENS4_9allocatorIcEEEENS_10color_modeE[_ZN6spdlog15stdout_color_stINS_18async_factory_implILNS_21async_overflow_policyE0EEEEENSt3__110shared_ptrINS_6loggerEEERKNS4_12basic_stringIcNS4_11char_traitsIcEENS4_9allocatorIcEEEENS_10color_modeE]+0x60): undefined reference to `std::__1::basic_string<char, std::__1::char_traits<char>, std::__1::allocator<char> >::~basic_string()'
/usr/bin/ld: color_sinks.cpp:(.text._ZN6spdlog15stdout_color_stINS_18async_factory_implILNS_21async_overflow_policyE0EEEEENSt3__110shared_ptrINS_6loggerEEERKNS4_12basic_stringIcNS4_11char_traitsIcEENS4_9allocatorIcEEEENS_10color_modeE[_ZN6spdlog15stdout_color_stINS_18async_factory_implILNS_21async_overflow_policyE0EEEEENSt3__110shared_ptrINS_6loggerEEERKNS4_12basic_stringIcNS4_11char_traitsIcEENS4_9allocatorIcEEEENS_10color_modeE]+0x7f): undefined reference to `std::__1::basic_string<char, std::__1::char_traits<char>, std::__1::allocator<char> >::~basic_string()'
/usr/bin/ld: /root/.conan2/p/b/spdlo3b2989ab5aced/p/lib/libspdlogd.a(color_sinks.cpp.o): in function `std::__1::shared_ptr<spdlog::logger> spdlog::stderr_color_mt<spdlog::async_factory_impl<(spdlog::async_overflow_policy)0> >(std::__1::basic_string<char, std::__1::char_traits<char>, std::__1::allocator<char> > const&, spdlog::color_mode)':
color_sinks.cpp:(.text._ZN6spdlog15stderr_color_mtINS_18async_factory_implILNS_21async_overflow_policyE0EEEEENSt3__110shared_ptrINS_6loggerEEERKNS4_12basic_stringIcNS4_11char_traitsIcEENS4_9allocatorIcEEEENS_10color_modeE[_ZN6spdlog15stderr_color_mtINS_18async_factory_implILNS_21async_overflow_policyE0EEEEENSt3__110shared_ptrINS_6loggerEEERKNS4_12basic_stringIcNS4_11char_traitsIcEENS4_9allocatorIcEEEENS_10color_modeE]+0x2b): undefined reference to `std::__1::basic_string<char, std::__1::char_traits<char>, std::__1::allocator<char> >::basic_string(std::__1::basic_string<char, std::__1::char_traits<char>, std::__1::allocator<char> > const&)'
/usr/bin/ld: color_sinks.cpp:(.text._ZN6spdlog15stderr_color_mtINS_18async_factory_implILNS_21async_overflow_policyE0EEEEENSt3__110shared_ptrINS_6loggerEEERKNS4_12basic_stringIcNS4_11char_traitsIcEENS4_9allocatorIcEEEENS_10color_modeE[_ZN6spdlog15stderr_color_mtINS_18async_factory_implILNS_21async_overflow_policyE0EEEEENSt3__110shared_ptrINS_6loggerEEERKNS4_12basic_stringIcNS4_11char_traitsIcEENS4_9allocatorIcEEEENS_10color_modeE]+0x60): undefined reference to `std::__1::basic_string<char, std::__1::char_traits<char>, std::__1::allocator<char> >::~basic_string()'
/usr/bin/ld: color_sinks.cpp:(.text._ZN6spdlog15stderr_color_mtINS_18async_factory_implILNS_21async_overflow_policyE0EEEEENSt3__110shared_ptrINS_6loggerEEERKNS4_12basic_stringIcNS4_11char_traitsIcEENS4_9allocatorIcEEEENS_10color_modeE[_ZN6spdlog15stderr_color_mtINS_18async_factory_implILNS_21async_overflow_policyE0EEEEENSt3__110shared_ptrINS_6loggerEEERKNS4_12basic_stringIcNS4_11char_traitsIcEENS4_9allocatorIcEEEENS_10color_modeE]+0x7f): undefined reference to `std::__1::basic_string<char, std::__1::char_traits<char>, std::__1::allocator<char> >::~basic_string()'
/usr/bin/ld: /root/.conan2/p/b/spdlo3b2989ab5aced/p/lib/libspdlogd.a(color_sinks.cpp.o): in function `std::__1::shared_ptr<spdlog::logger> spdlog::stderr_color_st<spdlog::async_factory_impl<(spdlog::async_overflow_policy)0> >(std::__1::basic_string<char, std::__1::char_traits<char>, std::__1::allocator<char> > const&, spdlog::color_mode)':
color_sinks.cpp:(.text._ZN6spdlog15stderr_color_stINS_18async_factory_implILNS_21async_overflow_policyE0EEEEENSt3__110shared_ptrINS_6loggerEEERKNS4_12basic_stringIcNS4_11char_traitsIcEENS4_9allocatorIcEEEENS_10color_modeE[_ZN6spdlog15stderr_color_stINS_18async_factory_implILNS_21async_overflow_policyE0EEEEENSt3__110shared_ptrINS_6loggerEEERKNS4_12basic_stringIcNS4_11char_traitsIcEENS4_9allocatorIcEEEENS_10color_modeE]+0x2b): undefined reference to `std::__1::basic_string<char, std::__1::char_traits<char>, std::__1::allocator<char> >::basic_string(std::__1::basic_string<char, std::__1::char_traits<char>, std::__1::allocator<char> > const&)'
/usr/bin/ld: color_sinks.cpp:(.text._ZN6spdlog15stderr_color_stINS_18async_factory_implILNS_21async_overflow_policyE0EEEEENSt3__110shared_ptrINS_6loggerEEERKNS4_12basic_stringIcNS4_11char_traitsIcEENS4_9allocatorIcEEEENS_10color_modeE[_ZN6spdlog15stderr_color_stINS_18async_factory_implILNS_21async_overflow_policyE0EEEEENSt3__110shared_ptrINS_6loggerEEERKNS4_12basic_stringIcNS4_11char_traitsIcEENS4_9allocatorIcEEEENS_10color_modeE]+0x60): undefined reference to `std::__1::basic_string<char, std::__1::char_traits<char>, std::__1::allocator<char> >::~basic_string()'
/usr/bin/ld: color_sinks.cpp:(.text._ZN6spdlog15stderr_color_stINS_18async_factory_implILNS_21async_overflow_policyE0EEEEENSt3__110shared_ptrINS_6loggerEEERKNS4_12basic_stringIcNS4_11char_traitsIcEENS4_9allocatorIcEEEENS_10color_modeE[_ZN6spdlog15stderr_color_stINS_18async_factory_implILNS_21async_overflow_policyE0EEEEENSt3__110shared_ptrINS_6loggerEEERKNS4_12basic_stringIcNS4_11char_traitsIcEENS4_9allocatorIcEEEENS_10color_modeE]+0x7f): undefined reference to `std::__1::basic_string<char, std::__1::char_traits<char>, std::__1::allocator<char> >::~basic_string()'
/usr/bin/ld: /root/.conan2/p/b/spdlo3b2989ab5aced/p/lib/libspdlogd.a(color_sinks.cpp.o): in function `std::__1::allocator<spdlog::sinks::ansicolor_stdout_sink<spdlog::details::console_mutex> > std::__1::__shared_ptr_emplace<spdlog::sinks::ansicolor_stdout_sink<spdlog::details::console_mutex>, std::__1::allocator<spdlog::sinks::ansicolor_stdout_sink<spdlog::details::console_mutex> > >::__shared_ptr_emplace[abi:ue170006]<spdlog::color_mode&>(spdlog::color_mode&)':
color_sinks.cpp:(.text._ZNSt3__120__shared_ptr_emplaceIN6spdlog5sinks21ansicolor_stdout_sinkINS1_7details13console_mutexEEENS_9allocatorIS6_EEEC2B8ue170006IJRNS1_10color_modeEEEES8_DpOT_[_ZNSt3__120__shared_ptr_emplaceIN6spdlog5sinks21ansicolor_stdout_sinkINS1_7details13console_mutexEEENS_9allocatorIS6_EEEC2B8ue170006IJRNS1_10color_modeEEEES8_DpOT_]+0x96): undefined reference to `std::__1::__shared_weak_count::~__shared_weak_count()'
/usr/bin/ld: /root/.conan2/p/b/spdlo3b2989ab5aced/p/lib/libspdlogd.a(color_sinks.cpp.o): in function `std::__1::allocator<spdlog::logger> std::__1::__shared_ptr_emplace<spdlog::logger, std::__1::allocator<spdlog::logger> >::__shared_ptr_emplace[abi:ue170006]<std::__1::basic_string<char, std::__1::char_traits<char>, std::__1::allocator<char> >, std::__1::shared_ptr<spdlog::sinks::ansicolor_stdout_sink<spdlog::details::console_mutex> > >(std::__1::basic_string<char, std::__1::char_traits<char>, std::__1::allocator<char> >&&, std::__1::shared_ptr<spdlog::sinks::ansicolor_stdout_sink<spdlog::details::console_mutex> >&&)':
color_sinks.cpp:(.text._ZNSt3__120__shared_ptr_emplaceIN6spdlog6loggerENS_9allocatorIS2_EEEC2B8ue170006IJNS_12basic_stringIcNS_11char_traitsIcEENS3_IcEEEENS_10shared_ptrINS1_5sinks21ansicolor_stdout_sinkINS1_7details13console_mutexEEEEEEEES4_DpOT_[_ZNSt3__120__shared_ptr_emplaceIN6spdlog6loggerENS_9allocatorIS2_EEEC2B8ue170006IJNS_12basic_stringIcNS_11char_traitsIcEENS3_IcEEEENS_10shared_ptrINS1_5sinks21ansicolor_stdout_sinkINS1_7details13console_mutexEEEEEEEES4_DpOT_]+0xa3): undefined reference to `std::__1::basic_string<char, std::__1::char_traits<char>, std::__1::allocator<char> >::~basic_string()'
/usr/bin/ld: color_sinks.cpp:(.text._ZNSt3__120__shared_ptr_emplaceIN6spdlog6loggerENS_9allocatorIS2_EEEC2B8ue170006IJNS_12basic_stringIcNS_11char_traitsIcEENS3_IcEEEENS_10shared_ptrINS1_5sinks21ansicolor_stdout_sinkINS1_7details13console_mutexEEEEEEEES4_DpOT_[_ZNSt3__120__shared_ptr_emplaceIN6spdlog6loggerENS_9allocatorIS2_EEEC2B8ue170006IJNS_12basic_stringIcNS_11char_traitsIcEENS3_IcEEEENS_10shared_ptrINS1_5sinks21ansicolor_stdout_sinkINS1_7details13console_mutexEEEEEEEES4_DpOT_]+0xdb): undefined reference to `std::__1::basic_string<char, std::__1::char_traits<char>, std::__1::allocator<char> >::~basic_string()'
/usr/bin/ld: color_sinks.cpp:(.text._ZNSt3__120__shared_ptr_emplaceIN6spdlog6loggerENS_9allocatorIS2_EEEC2B8ue170006IJNS_12basic_stringIcNS_11char_traitsIcEENS3_IcEEEENS_10shared_ptrINS1_5sinks21ansicolor_stdout_sinkINS1_7details13console_mutexEEEEEEEES4_DpOT_[_ZNSt3__120__shared_ptr_emplaceIN6spdlog6loggerENS_9allocatorIS2_EEEC2B8ue170006IJNS_12basic_stringIcNS_11char_traitsIcEENS3_IcEEEENS_10shared_ptrINS1_5sinks21ansicolor_stdout_sinkINS1_7details13console_mutexEEEEEEEES4_DpOT_]+0xed): undefined reference to `std::__1::__shared_weak_count::~__shared_weak_count()'
/usr/bin/ld: /root/.conan2/p/b/spdlo3b2989ab5aced/p/lib/libspdlogd.a(color_sinks.cpp.o): in function `spdlog::logger::logger<std::__1::shared_ptr<spdlog::sinks::sink> const*>(std::__1::basic_string<char, std::__1::char_traits<char>, std::__1::allocator<char> >, std::__1::shared_ptr<spdlog::sinks::sink> const*, std::__1::shared_ptr<spdlog::sinks::sink> const*)':
color_sinks.cpp:(.text._ZN6spdlog6loggerC2IPKNSt3__110shared_ptrINS_5sinks4sinkEEEEENS2_12basic_stringIcNS2_11char_traitsIcEENS2_9allocatorIcEEEET_SF_[_ZN6spdlog6loggerC2IPKNSt3__110shared_ptrINS_5sinks4sinkEEEEENS2_12basic_stringIcNS2_11char_traitsIcEENS2_9allocatorIcEEEET_SF_]+0xae): undefined reference to `std::__1::basic_string<char, std::__1::char_traits<char>, std::__1::allocator<char> >::~basic_string()'
/usr/bin/ld: /root/.conan2/p/b/spdlo3b2989ab5aced/p/lib/libspdlogd.a(color_sinks.cpp.o): in function `std::__1::allocator<spdlog::sinks::ansicolor_stdout_sink<spdlog::details::console_nullmutex> > std::__1::__shared_ptr_emplace<spdlog::sinks::ansicolor_stdout_sink<spdlog::details::console_nullmutex>, std::__1::allocator<spdlog::sinks::ansicolor_stdout_sink<spdlog::details::console_nullmutex> > >::__shared_ptr_emplace[abi:ue170006]<spdlog::color_mode&>(spdlog::color_mode&)':
color_sinks.cpp:(.text._ZNSt3__120__shared_ptr_emplaceIN6spdlog5sinks21ansicolor_stdout_sinkINS1_7details17console_nullmutexEEENS_9allocatorIS6_EEEC2B8ue170006IJRNS1_10color_modeEEEES8_DpOT_[_ZNSt3__120__shared_ptr_emplaceIN6spdlog5sinks21ansicolor_stdout_sinkINS1_7details17console_nullmutexEEENS_9allocatorIS6_EEEC2B8ue170006IJRNS1_10color_modeEEEES8_DpOT_]+0x96): undefined reference to `std::__1::__shared_weak_count::~__shared_weak_count()'
/usr/bin/ld: /root/.conan2/p/b/spdlo3b2989ab5aced/p/lib/libspdlogd.a(color_sinks.cpp.o): in function `std::__1::__shared_ptr_emplace<spdlog::sinks::ansicolor_stdout_sink<spdlog::details::console_nullmutex>, std::__1::allocator<spdlog::sinks::ansicolor_stdout_sink<spdlog::details::console_nullmutex> > >::~__shared_ptr_emplace()':
color_sinks.cpp:(.text._ZNSt3__120__shared_ptr_emplaceIN6spdlog5sinks21ansicolor_stdout_sinkINS1_7details17console_nullmutexEEENS_9allocatorIS6_EEED2Ev[_ZNSt3__120__shared_ptr_emplaceIN6spdlog5sinks21ansicolor_stdout_sinkINS1_7details17console_nullmutexEEENS_9allocatorIS6_EEED2Ev]+0x30): undefined reference to `std::__1::__shared_weak_count::~__shared_weak_count()'
/usr/bin/ld: /root/.conan2/p/b/spdlo3b2989ab5aced/p/lib/libspdlogd.a(color_sinks.cpp.o): in function `std::__1::allocator<spdlog::logger> std::__1::__shared_ptr_emplace<spdlog::logger, std::__1::allocator<spdlog::logger> >::__shared_ptr_emplace[abi:ue170006]<std::__1::basic_string<char, std::__1::char_traits<char>, std::__1::allocator<char> >, std::__1::shared_ptr<spdlog::sinks::ansicolor_stdout_sink<spdlog::details::console_nullmutex> > >(std::__1::basic_string<char, std::__1::char_traits<char>, std::__1::allocator<char> >&&, std::__1::shared_ptr<spdlog::sinks::ansicolor_stdout_sink<spdlog::details::console_nullmutex> >&&)':
color_sinks.cpp:(.text._ZNSt3__120__shared_ptr_emplaceIN6spdlog6loggerENS_9allocatorIS2_EEEC2B8ue170006IJNS_12basic_stringIcNS_11char_traitsIcEENS3_IcEEEENS_10shared_ptrINS1_5sinks21ansicolor_stdout_sinkINS1_7details17console_nullmutexEEEEEEEES4_DpOT_[_ZNSt3__120__shared_ptr_emplaceIN6spdlog6loggerENS_9allocatorIS2_EEEC2B8ue170006IJNS_12basic_stringIcNS_11char_traitsIcEENS3_IcEEEENS_10shared_ptrINS1_5sinks21ansicolor_stdout_sinkINS1_7details17console_nullmutexEEEEEEEES4_DpOT_]+0xa3): undefined reference to `std::__1::basic_string<char, std::__1::char_traits<char>, std::__1::allocator<char> >::~basic_string()'
/usr/bin/ld: color_sinks.cpp:(.text._ZNSt3__120__shared_ptr_emplaceIN6spdlog6loggerENS_9allocatorIS2_EEEC2B8ue170006IJNS_12basic_stringIcNS_11char_traitsIcEENS3_IcEEEENS_10shared_ptrINS1_5sinks21ansicolor_stdout_sinkINS1_7details17console_nullmutexEEEEEEEES4_DpOT_[_ZNSt3__120__shared_ptr_emplaceIN6spdlog6loggerENS_9allocatorIS2_EEEC2B8ue170006IJNS_12basic_stringIcNS_11char_traitsIcEENS3_IcEEEENS_10shared_ptrINS1_5sinks21ansicolor_stdout_sinkINS1_7details17console_nullmutexEEEEEEEES4_DpOT_]+0xdb): undefined reference to `std::__1::basic_string<char, std::__1::char_traits<char>, std::__1::allocator<char> >::~basic_string()'
/usr/bin/ld: color_sinks.cpp:(.text._ZNSt3__120__shared_ptr_emplaceIN6spdlog6loggerENS_9allocatorIS2_EEEC2B8ue170006IJNS_12basic_stringIcNS_11char_traitsIcEENS3_IcEEEENS_10shared_ptrINS1_5sinks21ansicolor_stdout_sinkINS1_7details17console_nullmutexEEEEEEEES4_DpOT_[_ZNSt3__120__shared_ptr_emplaceIN6spdlog6loggerENS_9allocatorIS2_EEEC2B8ue170006IJNS_12basic_stringIcNS_11char_traitsIcEENS3_IcEEEENS_10shared_ptrINS1_5sinks21ansicolor_stdout_sinkINS1_7details17console_nullmutexEEEEEEEES4_DpOT_]+0xed): undefined reference to `std::__1::__shared_weak_count::~__shared_weak_count()'
/usr/bin/ld: /root/.conan2/p/b/spdlo3b2989ab5aced/p/lib/libspdlogd.a(color_sinks.cpp.o): in function `std::__1::allocator<spdlog::sinks::ansicolor_stderr_sink<spdlog::details::console_mutex> > std::__1::__shared_ptr_emplace<spdlog::sinks::ansicolor_stderr_sink<spdlog::details::console_mutex>, std::__1::allocator<spdlog::sinks::ansicolor_stderr_sink<spdlog::details::console_mutex> > >::__shared_ptr_emplace[abi:ue170006]<spdlog::color_mode&>(spdlog::color_mode&)':
color_sinks.cpp:(.text._ZNSt3__120__shared_ptr_emplaceIN6spdlog5sinks21ansicolor_stderr_sinkINS1_7details13console_mutexEEENS_9allocatorIS6_EEEC2B8ue170006IJRNS1_10color_modeEEEES8_DpOT_[_ZNSt3__120__shared_ptr_emplaceIN6spdlog5sinks21ansicolor_stderr_sinkINS1_7details13console_mutexEEENS_9allocatorIS6_EEEC2B8ue170006IJRNS1_10color_modeEEEES8_DpOT_]+0x96): undefined reference to `std::__1::__shared_weak_count::~__shared_weak_count()'
/usr/bin/ld: /root/.conan2/p/b/spdlo3b2989ab5aced/p/lib/libspdlogd.a(color_sinks.cpp.o): in function `std::__1::__shared_ptr_emplace<spdlog::sinks::ansicolor_stderr_sink<spdlog::details::console_mutex>, std::__1::allocator<spdlog::sinks::ansicolor_stderr_sink<spdlog::details::console_mutex> > >::~__shared_ptr_emplace()':
color_sinks.cpp:(.text._ZNSt3__120__shared_ptr_emplaceIN6spdlog5sinks21ansicolor_stderr_sinkINS1_7details13console_mutexEEENS_9allocatorIS6_EEED2Ev[_ZNSt3__120__shared_ptr_emplaceIN6spdlog5sinks21ansicolor_stderr_sinkINS1_7details13console_mutexEEENS_9allocatorIS6_EEED2Ev]+0x30): undefined reference to `std::__1::__shared_weak_count::~__shared_weak_count()'
/usr/bin/ld: /root/.conan2/p/b/spdlo3b2989ab5aced/p/lib/libspdlogd.a(color_sinks.cpp.o): in function `std::__1::allocator<spdlog::logger> std::__1::__shared_ptr_emplace<spdlog::logger, std::__1::allocator<spdlog::logger> >::__shared_ptr_emplace[abi:ue170006]<std::__1::basic_string<char, std::__1::char_traits<char>, std::__1::allocator<char> >, std::__1::shared_ptr<spdlog::sinks::ansicolor_stderr_sink<spdlog::details::console_mutex> > >(std::__1::basic_string<char, std::__1::char_traits<char>, std::__1::allocator<char> >&&, std::__1::shared_ptr<spdlog::sinks::ansicolor_stderr_sink<spdlog::details::console_mutex> >&&)':
color_sinks.cpp:(.text._ZNSt3__120__shared_ptr_emplaceIN6spdlog6loggerENS_9allocatorIS2_EEEC2B8ue170006IJNS_12basic_stringIcNS_11char_traitsIcEENS3_IcEEEENS_10shared_ptrINS1_5sinks21ansicolor_stderr_sinkINS1_7details13console_mutexEEEEEEEES4_DpOT_[_ZNSt3__120__shared_ptr_emplaceIN6spdlog6loggerENS_9allocatorIS2_EEEC2B8ue170006IJNS_12basic_stringIcNS_11char_traitsIcEENS3_IcEEEENS_10shared_ptrINS1_5sinks21ansicolor_stderr_sinkINS1_7details13console_mutexEEEEEEEES4_DpOT_]+0xa3): undefined reference to `std::__1::basic_string<char, std::__1::char_traits<char>, std::__1::allocator<char> >::~basic_string()'
/usr/bin/ld: color_sinks.cpp:(.text._ZNSt3__120__shared_ptr_emplaceIN6spdlog6loggerENS_9allocatorIS2_EEEC2B8ue170006IJNS_12basic_stringIcNS_11char_traitsIcEENS3_IcEEEENS_10shared_ptrINS1_5sinks21ansicolor_stderr_sinkINS1_7details13console_mutexEEEEEEEES4_DpOT_[_ZNSt3__120__shared_ptr_emplaceIN6spdlog6loggerENS_9allocatorIS2_EEEC2B8ue170006IJNS_12basic_stringIcNS_11char_traitsIcEENS3_IcEEEENS_10shared_ptrINS1_5sinks21ansicolor_stderr_sinkINS1_7details13console_mutexEEEEEEEES4_DpOT_]+0xdb): undefined reference to `std::__1::basic_string<char, std::__1::char_traits<char>, std::__1::allocator<char> >::~basic_string()'
/usr/bin/ld: color_sinks.cpp:(.text._ZNSt3__120__shared_ptr_emplaceIN6spdlog6loggerENS_9allocatorIS2_EEEC2B8ue170006IJNS_12basic_stringIcNS_11char_traitsIcEENS3_IcEEEENS_10shared_ptrINS1_5sinks21ansicolor_stderr_sinkINS1_7details13console_mutexEEEEEEEES4_DpOT_[_ZNSt3__120__shared_ptr_emplaceIN6spdlog6loggerENS_9allocatorIS2_EEEC2B8ue170006IJNS_12basic_stringIcNS_11char_traitsIcEENS3_IcEEEENS_10shared_ptrINS1_5sinks21ansicolor_stderr_sinkINS1_7details13console_mutexEEEEEEEES4_DpOT_]+0xed): undefined reference to `std::__1::__shared_weak_count::~__shared_weak_count()'
/usr/bin/ld: /root/.conan2/p/b/spdlo3b2989ab5aced/p/lib/libspdlogd.a(color_sinks.cpp.o): in function `std::__1::allocator<spdlog::sinks::ansicolor_stderr_sink<spdlog::details::console_nullmutex> > std::__1::__shared_ptr_emplace<spdlog::sinks::ansicolor_stderr_sink<spdlog::details::console_nullmutex>, std::__1::allocator<spdlog::sinks::ansicolor_stderr_sink<spdlog::details::console_nullmutex> > >::__shared_ptr_emplace[abi:ue170006]<spdlog::color_mode&>(spdlog::color_mode&)':
color_sinks.cpp:(.text._ZNSt3__120__shared_ptr_emplaceIN6spdlog5sinks21ansicolor_stderr_sinkINS1_7details17console_nullmutexEEENS_9allocatorIS6_EEEC2B8ue170006IJRNS1_10color_modeEEEES8_DpOT_[_ZNSt3__120__shared_ptr_emplaceIN6spdlog5sinks21ansicolor_stderr_sinkINS1_7details17console_nullmutexEEENS_9allocatorIS6_EEEC2B8ue170006IJRNS1_10color_modeEEEES8_DpOT_]+0x96): undefined reference to `std::__1::__shared_weak_count::~__shared_weak_count()'
/usr/bin/ld: /root/.conan2/p/b/spdlo3b2989ab5aced/p/lib/libspdlogd.a(color_sinks.cpp.o): in function `std::__1::__shared_ptr_emplace<spdlog::sinks::ansicolor_stderr_sink<spdlog::details::console_nullmutex>, std::__1::allocator<spdlog::sinks::ansicolor_stderr_sink<spdlog::details::console_nullmutex> > >::~__shared_ptr_emplace()':
color_sinks.cpp:(.text._ZNSt3__120__shared_ptr_emplaceIN6spdlog5sinks21ansicolor_stderr_sinkINS1_7details17console_nullmutexEEENS_9allocatorIS6_EEED2Ev[_ZNSt3__120__shared_ptr_emplaceIN6spdlog5sinks21ansicolor_stderr_sinkINS1_7details17console_nullmutexEEENS_9allocatorIS6_EEED2Ev]+0x30): undefined reference to `std::__1::__shared_weak_count::~__shared_weak_count()'
/usr/bin/ld: /root/.conan2/p/b/spdlo3b2989ab5aced/p/lib/libspdlogd.a(color_sinks.cpp.o): in function `std::__1::allocator<spdlog::logger> std::__1::__shared_ptr_emplace<spdlog::logger, std::__1::allocator<spdlog::logger> >::__shared_ptr_emplace[abi:ue170006]<std::__1::basic_string<char, std::__1::char_traits<char>, std::__1::allocator<char> >, std::__1::shared_ptr<spdlog::sinks::ansicolor_stderr_sink<spdlog::details::console_nullmutex> > >(std::__1::basic_string<char, std::__1::char_traits<char>, std::__1::allocator<char> >&&, std::__1::shared_ptr<spdlog::sinks::ansicolor_stderr_sink<spdlog::details::console_nullmutex> >&&)':
color_sinks.cpp:(.text._ZNSt3__120__shared_ptr_emplaceIN6spdlog6loggerENS_9allocatorIS2_EEEC2B8ue170006IJNS_12basic_stringIcNS_11char_traitsIcEENS3_IcEEEENS_10shared_ptrINS1_5sinks21ansicolor_stderr_sinkINS1_7details17console_nullmutexEEEEEEEES4_DpOT_[_ZNSt3__120__shared_ptr_emplaceIN6spdlog6loggerENS_9allocatorIS2_EEEC2B8ue170006IJNS_12basic_stringIcNS_11char_traitsIcEENS3_IcEEEENS_10shared_ptrINS1_5sinks21ansicolor_stderr_sinkINS1_7details17console_nullmutexEEEEEEEES4_DpOT_]+0xa3): undefined reference to `std::__1::basic_string<char, std::__1::char_traits<char>, std::__1::allocator<char> >::~basic_string()'
/usr/bin/ld: color_sinks.cpp:(.text._ZNSt3__120__shared_ptr_emplaceIN6spdlog6loggerENS_9allocatorIS2_EEEC2B8ue170006IJNS_12basic_stringIcNS_11char_traitsIcEENS3_IcEEEENS_10shared_ptrINS1_5sinks21ansicolor_stderr_sinkINS1_7details17console_nullmutexEEEEEEEES4_DpOT_[_ZNSt3__120__shared_ptr_emplaceIN6spdlog6loggerENS_9allocatorIS2_EEEC2B8ue170006IJNS_12basic_stringIcNS_11char_traitsIcEENS3_IcEEEENS_10shared_ptrINS1_5sinks21ansicolor_stderr_sinkINS1_7details17console_nullmutexEEEEEEEES4_DpOT_]+0xdb): undefined reference to `std::__1::basic_string<char, std::__1::char_traits<char>, std::__1::allocator<char> >::~basic_string()'
/usr/bin/ld: color_sinks.cpp:(.text._ZNSt3__120__shared_ptr_emplaceIN6spdlog6loggerENS_9allocatorIS2_EEEC2B8ue170006IJNS_12basic_stringIcNS_11char_traitsIcEENS3_IcEEEENS_10shared_ptrINS1_5sinks21ansicolor_stderr_sinkINS1_7details17console_nullmutexEEEEEEEES4_DpOT_[_ZNSt3__120__shared_ptr_emplaceIN6spdlog6loggerENS_9allocatorIS2_EEEC2B8ue170006IJNS_12basic_stringIcNS_11char_traitsIcEENS3_IcEEEENS_10shared_ptrINS1_5sinks21ansicolor_stderr_sinkINS1_7details17console_nullmutexEEEEEEEES4_DpOT_]+0xed): undefined reference to `std::__1::__shared_weak_count::~__shared_weak_count()'
/usr/bin/ld: /root/.conan2/p/b/spdlo3b2989ab5aced/p/lib/libspdlogd.a(color_sinks.cpp.o): in function `std::__1::allocator<spdlog::details::thread_pool> std::__1::__shared_ptr_emplace<spdlog::details::thread_pool, std::__1::allocator<spdlog::details::thread_pool> >::__shared_ptr_emplace[abi:ue170006]<unsigned long const&, unsigned int>(unsigned long const&, unsigned int&&)':
color_sinks.cpp:(.text._ZNSt3__120__shared_ptr_emplaceIN6spdlog7details11thread_poolENS_9allocatorIS3_EEEC2B8ue170006IJRKmjEEES5_DpOT_[_ZNSt3__120__shared_ptr_emplaceIN6spdlog7details11thread_poolENS_9allocatorIS3_EEEC2B8ue170006IJRKmjEEES5_DpOT_]+0xa3): undefined reference to `std::__1::__shared_weak_count::~__shared_weak_count()'
/usr/bin/ld: /root/.conan2/p/b/spdlo3b2989ab5aced/p/lib/libspdlogd.a(color_sinks.cpp.o): in function `std::__1::__shared_ptr_emplace<spdlog::details::thread_pool, std::__1::allocator<spdlog::details::thread_pool> >::~__shared_ptr_emplace()':
color_sinks.cpp:(.text._ZNSt3__120__shared_ptr_emplaceIN6spdlog7details11thread_poolENS_9allocatorIS3_EEED2Ev[_ZNSt3__120__shared_ptr_emplaceIN6spdlog7details11thread_poolENS_9allocatorIS3_EEED2Ev]+0x30): undefined reference to `std::__1::__shared_weak_count::~__shared_weak_count()'
/usr/bin/ld: /root/.conan2/p/b/spdlo3b2989ab5aced/p/lib/libspdlogd.a(color_sinks.cpp.o): in function `std::__1::allocator<spdlog::async_logger> std::__1::__shared_ptr_emplace<spdlog::async_logger, std::__1::allocator<spdlog::async_logger> >::__shared_ptr_emplace[abi:ue170006]<std::__1::basic_string<char, std::__1::char_traits<char>, std::__1::allocator<char> >, std::__1::shared_ptr<spdlog::sinks::ansicolor_stdout_sink<spdlog::details::console_mutex> >, std::__1::shared_ptr<spdlog::details::thread_pool>, spdlog::async_overflow_policy>(std::__1::basic_string<char, std::__1::char_traits<char>, std::__1::allocator<char> >&&, std::__1::shared_ptr<spdlog::sinks::ansicolor_stdout_sink<spdlog::details::console_mutex> >&&, std::__1::shared_ptr<spdlog::details::thread_pool>&&, spdlog::async_overflow_policy&&)':
color_sinks.cpp:(.text._ZNSt3__120__shared_ptr_emplaceIN6spdlog12async_loggerENS_9allocatorIS2_EEEC2B8ue170006IJNS_12basic_stringIcNS_11char_traitsIcEENS3_IcEEEENS_10shared_ptrINS1_5sinks21ansicolor_stdout_sinkINS1_7details13console_mutexEEEEENSC_INSF_11thread_poolEEENS1_21async_overflow_policyEEEES4_DpOT_[_ZNSt3__120__shared_ptr_emplaceIN6spdlog12async_loggerENS_9allocatorIS2_EEEC2B8ue170006IJNS_12basic_stringIcNS_11char_traitsIcEENS3_IcEEEENS_10shared_ptrINS1_5sinks21ansicolor_stdout_sinkINS1_7details13console_mutexEEEEENSC_INSF_11thread_poolEEENS1_21async_overflow_policyEEEES4_DpOT_]+0xf5): undefined reference to `std::__1::basic_string<char, std::__1::char_traits<char>, std::__1::allocator<char> >::~basic_string()'
/usr/bin/ld: color_sinks.cpp:(.text._ZNSt3__120__shared_ptr_emplaceIN6spdlog12async_loggerENS_9allocatorIS2_EEEC2B8ue170006IJNS_12basic_stringIcNS_11char_traitsIcEENS3_IcEEEENS_10shared_ptrINS1_5sinks21ansicolor_stdout_sinkINS1_7details13console_mutexEEEEENSC_INSF_11thread_poolEEENS1_21async_overflow_policyEEEES4_DpOT_[_ZNSt3__120__shared_ptr_emplaceIN6spdlog12async_loggerENS_9allocatorIS2_EEEC2B8ue170006IJNS_12basic_stringIcNS_11char_traitsIcEENS3_IcEEEENS_10shared_ptrINS1_5sinks21ansicolor_stdout_sinkINS1_7details13console_mutexEEEEENSC_INSF_11thread_poolEEENS1_21async_overflow_policyEEEES4_DpOT_]+0x136): undefined reference to `std::__1::basic_string<char, std::__1::char_traits<char>, std::__1::allocator<char> >::~basic_string()'
/usr/bin/ld: color_sinks.cpp:(.text._ZNSt3__120__shared_ptr_emplaceIN6spdlog12async_loggerENS_9allocatorIS2_EEEC2B8ue170006IJNS_12basic_stringIcNS_11char_traitsIcEENS3_IcEEEENS_10shared_ptrINS1_5sinks21ansicolor_stdout_sinkINS1_7details13console_mutexEEEEENSC_INSF_11thread_poolEEENS1_21async_overflow_policyEEEES4_DpOT_[_ZNSt3__120__shared_ptr_emplaceIN6spdlog12async_loggerENS_9allocatorIS2_EEEC2B8ue170006IJNS_12basic_stringIcNS_11char_traitsIcEENS3_IcEEEENS_10shared_ptrINS1_5sinks21ansicolor_stdout_sinkINS1_7details13console_mutexEEEEENSC_INSF_11thread_poolEEENS1_21async_overflow_policyEEEES4_DpOT_]+0x14b): undefined reference to `std::__1::__shared_weak_count::~__shared_weak_count()'
/usr/bin/ld: /root/.conan2/p/b/spdlo3b2989ab5aced/p/lib/libspdlogd.a(color_sinks.cpp.o): in function `std::__1::weak_ptr<spdlog::details::thread_pool>::~weak_ptr()':
color_sinks.cpp:(.text._ZNSt3__18weak_ptrIN6spdlog7details11thread_poolEED2Ev[_ZNSt3__18weak_ptrIN6spdlog7details11thread_poolEED2Ev]+0x28): undefined reference to `std::__1::__shared_weak_count::__release_weak()'
/usr/bin/ld: /root/.conan2/p/b/spdlo3b2989ab5aced/p/lib/libspdlogd.a(color_sinks.cpp.o): in function `std::__1::__shared_ptr_emplace<spdlog::async_logger, std::__1::allocator<spdlog::async_logger> >::~__shared_ptr_emplace()':
color_sinks.cpp:(.text._ZNSt3__120__shared_ptr_emplaceIN6spdlog12async_loggerENS_9allocatorIS2_EEED2Ev[_ZNSt3__120__shared_ptr_emplaceIN6spdlog12async_loggerENS_9allocatorIS2_EEED2Ev]+0x30): undefined reference to `std::__1::__shared_weak_count::~__shared_weak_count()'
/usr/bin/ld: /root/.conan2/p/b/spdlo3b2989ab5aced/p/lib/libspdlogd.a(color_sinks.cpp.o): in function `std::__1::weak_ptr<spdlog::async_logger>::~weak_ptr()':
color_sinks.cpp:(.text._ZNSt3__18weak_ptrIN6spdlog12async_loggerEED2Ev[_ZNSt3__18weak_ptrIN6spdlog12async_loggerEED2Ev]+0x28): undefined reference to `std::__1::__shared_weak_count::__release_weak()'
/usr/bin/ld: /root/.conan2/p/b/spdlo3b2989ab5aced/p/lib/libspdlogd.a(color_sinks.cpp.o): in function `std::__1::allocator<spdlog::async_logger> std::__1::__shared_ptr_emplace<spdlog::async_logger, std::__1::allocator<spdlog::async_logger> >::__shared_ptr_emplace[abi:ue170006]<std::__1::basic_string<char, std::__1::char_traits<char>, std::__1::allocator<char> >, std::__1::shared_ptr<spdlog::sinks::ansicolor_stdout_sink<spdlog::details::console_nullmutex> >, std::__1::shared_ptr<spdlog::details::thread_pool>, spdlog::async_overflow_policy>(std::__1::basic_string<char, std::__1::char_traits<char>, std::__1::allocator<char> >&&, std::__1::shared_ptr<spdlog::sinks::ansicolor_stdout_sink<spdlog::details::console_nullmutex> >&&, std::__1::shared_ptr<spdlog::details::thread_pool>&&, spdlog::async_overflow_policy&&)':
color_sinks.cpp:(.text._ZNSt3__120__shared_ptr_emplaceIN6spdlog12async_loggerENS_9allocatorIS2_EEEC2B8ue170006IJNS_12basic_stringIcNS_11char_traitsIcEENS3_IcEEEENS_10shared_ptrINS1_5sinks21ansicolor_stdout_sinkINS1_7details17console_nullmutexEEEEENSC_INSF_11thread_poolEEENS1_21async_overflow_policyEEEES4_DpOT_[_ZNSt3__120__shared_ptr_emplaceIN6spdlog12async_loggerENS_9allocatorIS2_EEEC2B8ue170006IJNS_12basic_stringIcNS_11char_traitsIcEENS3_IcEEEENS_10shared_ptrINS1_5sinks21ansicolor_stdout_sinkINS1_7details17console_nullmutexEEEEENSC_INSF_11thread_poolEEENS1_21async_overflow_policyEEEES4_DpOT_]+0xf5): undefined reference to `std::__1::basic_string<char, std::__1::char_traits<char>, std::__1::allocator<char> >::~basic_string()'
/usr/bin/ld: color_sinks.cpp:(.text._ZNSt3__120__shared_ptr_emplaceIN6spdlog12async_loggerENS_9allocatorIS2_EEEC2B8ue170006IJNS_12basic_stringIcNS_11char_traitsIcEENS3_IcEEEENS_10shared_ptrINS1_5sinks21ansicolor_stdout_sinkINS1_7details17console_nullmutexEEEEENSC_INSF_11thread_poolEEENS1_21async_overflow_policyEEEES4_DpOT_[_ZNSt3__120__shared_ptr_emplaceIN6spdlog12async_loggerENS_9allocatorIS2_EEEC2B8ue170006IJNS_12basic_stringIcNS_11char_traitsIcEENS3_IcEEEENS_10shared_ptrINS1_5sinks21ansicolor_stdout_sinkINS1_7details17console_nullmutexEEEEENSC_INSF_11thread_poolEEENS1_21async_overflow_policyEEEES4_DpOT_]+0x136): undefined reference to `std::__1::basic_string<char, std::__1::char_traits<char>, std::__1::allocator<char> >::~basic_string()'
/usr/bin/ld: color_sinks.cpp:(.text._ZNSt3__120__shared_ptr_emplaceIN6spdlog12async_loggerENS_9allocatorIS2_EEEC2B8ue170006IJNS_12basic_stringIcNS_11char_traitsIcEENS3_IcEEEENS_10shared_ptrINS1_5sinks21ansicolor_stdout_sinkINS1_7details17console_nullmutexEEEEENSC_INSF_11thread_poolEEENS1_21async_overflow_policyEEEES4_DpOT_[_ZNSt3__120__shared_ptr_emplaceIN6spdlog12async_loggerENS_9allocatorIS2_EEEC2B8ue170006IJNS_12basic_stringIcNS_11char_traitsIcEENS3_IcEEEENS_10shared_ptrINS1_5sinks21ansicolor_stdout_sinkINS1_7details17console_nullmutexEEEEENSC_INSF_11thread_poolEEENS1_21async_overflow_policyEEEES4_DpOT_]+0x14b): undefined reference to `std::__1::__shared_weak_count::~__shared_weak_count()'
/usr/bin/ld: /root/.conan2/p/b/spdlo3b2989ab5aced/p/lib/libspdlogd.a(color_sinks.cpp.o): in function `std::__1::allocator<spdlog::async_logger> std::__1::__shared_ptr_emplace<spdlog::async_logger, std::__1::allocator<spdlog::async_logger> >::__shared_ptr_emplace[abi:ue170006]<std::__1::basic_string<char, std::__1::char_traits<char>, std::__1::allocator<char> >, std::__1::shared_ptr<spdlog::sinks::ansicolor_stderr_sink<spdlog::details::console_mutex> >, std::__1::shared_ptr<spdlog::details::thread_pool>, spdlog::async_overflow_policy>(std::__1::basic_string<char, std::__1::char_traits<char>, std::__1::allocator<char> >&&, std::__1::shared_ptr<spdlog::sinks::ansicolor_stderr_sink<spdlog::details::console_mutex> >&&, std::__1::shared_ptr<spdlog::details::thread_pool>&&, spdlog::async_overflow_policy&&)':
color_sinks.cpp:(.text._ZNSt3__120__shared_ptr_emplaceIN6spdlog12async_loggerENS_9allocatorIS2_EEEC2B8ue170006IJNS_12basic_stringIcNS_11char_traitsIcEENS3_IcEEEENS_10shared_ptrINS1_5sinks21ansicolor_stderr_sinkINS1_7details13console_mutexEEEEENSC_INSF_11thread_poolEEENS1_21async_overflow_policyEEEES4_DpOT_[_ZNSt3__120__shared_ptr_emplaceIN6spdlog12async_loggerENS_9allocatorIS2_EEEC2B8ue170006IJNS_12basic_stringIcNS_11char_traitsIcEENS3_IcEEEENS_10shared_ptrINS1_5sinks21ansicolor_stderr_sinkINS1_7details13console_mutexEEEEENSC_INSF_11thread_poolEEENS1_21async_overflow_policyEEEES4_DpOT_]+0xf5): undefined reference to `std::__1::basic_string<char, std::__1::char_traits<char>, std::__1::allocator<char> >::~basic_string()'
/usr/bin/ld: color_sinks.cpp:(.text._ZNSt3__120__shared_ptr_emplaceIN6spdlog12async_loggerENS_9allocatorIS2_EEEC2B8ue170006IJNS_12basic_stringIcNS_11char_traitsIcEENS3_IcEEEENS_10shared_ptrINS1_5sinks21ansicolor_stderr_sinkINS1_7details13console_mutexEEEEENSC_INSF_11thread_poolEEENS1_21async_overflow_policyEEEES4_DpOT_[_ZNSt3__120__shared_ptr_emplaceIN6spdlog12async_loggerENS_9allocatorIS2_EEEC2B8ue170006IJNS_12basic_stringIcNS_11char_traitsIcEENS3_IcEEEENS_10shared_ptrINS1_5sinks21ansicolor_stderr_sinkINS1_7details13console_mutexEEEEENSC_INSF_11thread_poolEEENS1_21async_overflow_policyEEEES4_DpOT_]+0x136): undefined reference to `std::__1::basic_string<char, std::__1::char_traits<char>, std::__1::allocator<char> >::~basic_string()'
/usr/bin/ld: color_sinks.cpp:(.text._ZNSt3__120__shared_ptr_emplaceIN6spdlog12async_loggerENS_9allocatorIS2_EEEC2B8ue170006IJNS_12basic_stringIcNS_11char_traitsIcEENS3_IcEEEENS_10shared_ptrINS1_5sinks21ansicolor_stderr_sinkINS1_7details13console_mutexEEEEENSC_INSF_11thread_poolEEENS1_21async_overflow_policyEEEES4_DpOT_[_ZNSt3__120__shared_ptr_emplaceIN6spdlog12async_loggerENS_9allocatorIS2_EEEC2B8ue170006IJNS_12basic_stringIcNS_11char_traitsIcEENS3_IcEEEENS_10shared_ptrINS1_5sinks21ansicolor_stderr_sinkINS1_7details13console_mutexEEEEENSC_INSF_11thread_poolEEENS1_21async_overflow_policyEEEES4_DpOT_]+0x14b): undefined reference to `std::__1::__shared_weak_count::~__shared_weak_count()'
/usr/bin/ld: /root/.conan2/p/b/spdlo3b2989ab5aced/p/lib/libspdlogd.a(color_sinks.cpp.o): in function `std::__1::allocator<spdlog::async_logger> std::__1::__shared_ptr_emplace<spdlog::async_logger, std::__1::allocator<spdlog::async_logger> >::__shared_ptr_emplace[abi:ue170006]<std::__1::basic_string<char, std::__1::char_traits<char>, std::__1::allocator<char> >, std::__1::shared_ptr<spdlog::sinks::ansicolor_stderr_sink<spdlog::details::console_nullmutex> >, std::__1::shared_ptr<spdlog::details::thread_pool>, spdlog::async_overflow_policy>(std::__1::basic_string<char, std::__1::char_traits<char>, std::__1::allocator<char> >&&, std::__1::shared_ptr<spdlog::sinks::ansicolor_stderr_sink<spdlog::details::console_nullmutex> >&&, std::__1::shared_ptr<spdlog::details::thread_pool>&&, spdlog::async_overflow_policy&&)':
color_sinks.cpp:(.text._ZNSt3__120__shared_ptr_emplaceIN6spdlog12async_loggerENS_9allocatorIS2_EEEC2B8ue170006IJNS_12basic_stringIcNS_11char_traitsIcEENS3_IcEEEENS_10shared_ptrINS1_5sinks21ansicolor_stderr_sinkINS1_7details17console_nullmutexEEEEENSC_INSF_11thread_poolEEENS1_21async_overflow_policyEEEES4_DpOT_[_ZNSt3__120__shared_ptr_emplaceIN6spdlog12async_loggerENS_9allocatorIS2_EEEC2B8ue170006IJNS_12basic_stringIcNS_11char_traitsIcEENS3_IcEEEENS_10shared_ptrINS1_5sinks21ansicolor_stderr_sinkINS1_7details17console_nullmutexEEEEENSC_INSF_11thread_poolEEENS1_21async_overflow_policyEEEES4_DpOT_]+0xf5): undefined reference to `std::__1::basic_string<char, std::__1::char_traits<char>, std::__1::allocator<char> >::~basic_string()'
/usr/bin/ld: color_sinks.cpp:(.text._ZNSt3__120__shared_ptr_emplaceIN6spdlog12async_loggerENS_9allocatorIS2_EEEC2B8ue170006IJNS_12basic_stringIcNS_11char_traitsIcEENS3_IcEEEENS_10shared_ptrINS1_5sinks21ansicolor_stderr_sinkINS1_7details17console_nullmutexEEEEENSC_INSF_11thread_poolEEENS1_21async_overflow_policyEEEES4_DpOT_[_ZNSt3__120__shared_ptr_emplaceIN6spdlog12async_loggerENS_9allocatorIS2_EEEC2B8ue170006IJNS_12basic_stringIcNS_11char_traitsIcEENS3_IcEEEENS_10shared_ptrINS1_5sinks21ansicolor_stderr_sinkINS1_7details17console_nullmutexEEEEENSC_INSF_11thread_poolEEENS1_21async_overflow_policyEEEES4_DpOT_]+0x136): undefined reference to `std::__1::basic_string<char, std::__1::char_traits<char>, std::__1::allocator<char> >::~basic_string()'
/usr/bin/ld: color_sinks.cpp:(.text._ZNSt3__120__shared_ptr_emplaceIN6spdlog12async_loggerENS_9allocatorIS2_EEEC2B8ue170006IJNS_12basic_stringIcNS_11char_traitsIcEENS3_IcEEEENS_10shared_ptrINS1_5sinks21ansicolor_stderr_sinkINS1_7details17console_nullmutexEEEEENSC_INSF_11thread_poolEEENS1_21async_overflow_policyEEEES4_DpOT_[_ZNSt3__120__shared_ptr_emplaceIN6spdlog12async_loggerENS_9allocatorIS2_EEEC2B8ue170006IJNS_12basic_stringIcNS_11char_traitsIcEENS3_IcEEEENS_10shared_ptrINS1_5sinks21ansicolor_stderr_sinkINS1_7details17console_nullmutexEEEEENSC_INSF_11thread_poolEEENS1_21async_overflow_policyEEEES4_DpOT_]+0x14b): undefined reference to `std::__1::__shared_weak_count::~__shared_weak_count()'
/usr/bin/ld: /root/.conan2/p/b/spdlo3b2989ab5aced/p/lib/libspdlogd.a(color_sinks.cpp.o):(.data.rel.ro._ZTVNSt3__120__shared_ptr_emplaceIN6spdlog5sinks21ansicolor_stdout_sinkINS1_7details17console_nullmutexEEENS_9allocatorIS6_EEEE[_ZTVNSt3__120__shared_ptr_emplaceIN6spdlog5sinks21ansicolor_stdout_sinkINS1_7details17console_nullmutexEEENS_9allocatorIS6_EEEE]+0x28): undefined reference to `std::__1::__shared_weak_count::__get_deleter(std::type_info const&) const'
/usr/bin/ld: /root/.conan2/p/b/spdlo3b2989ab5aced/p/lib/libspdlogd.a(color_sinks.cpp.o):(.data.rel.ro._ZTINSt3__120__shared_ptr_emplaceIN6spdlog5sinks21ansicolor_stdout_sinkINS1_7details17console_nullmutexEEENS_9allocatorIS6_EEEE[_ZTINSt3__120__shared_ptr_emplaceIN6spdlog5sinks21ansicolor_stdout_sinkINS1_7details17console_nullmutexEEENS_9allocatorIS6_EEEE]+0x10): undefined reference to `typeinfo for std::__1::__shared_weak_count'
/usr/bin/ld: /root/.conan2/p/b/spdlo3b2989ab5aced/p/lib/libspdlogd.a(color_sinks.cpp.o):(.data.rel.ro._ZTVNSt3__120__shared_ptr_emplaceIN6spdlog5sinks21ansicolor_stderr_sinkINS1_7details13console_mutexEEENS_9allocatorIS6_EEEE[_ZTVNSt3__120__shared_ptr_emplaceIN6spdlog5sinks21ansicolor_stderr_sinkINS1_7details13console_mutexEEENS_9allocatorIS6_EEEE]+0x28): undefined reference to `std::__1::__shared_weak_count::__get_deleter(std::type_info const&) const'
/usr/bin/ld: /root/.conan2/p/b/spdlo3b2989ab5aced/p/lib/libspdlogd.a(color_sinks.cpp.o):(.data.rel.ro._ZTINSt3__120__shared_ptr_emplaceIN6spdlog5sinks21ansicolor_stderr_sinkINS1_7details13console_mutexEEENS_9allocatorIS6_EEEE[_ZTINSt3__120__shared_ptr_emplaceIN6spdlog5sinks21ansicolor_stderr_sinkINS1_7details13console_mutexEEENS_9allocatorIS6_EEEE]+0x10): undefined reference to `typeinfo for std::__1::__shared_weak_count'
/usr/bin/ld: /root/.conan2/p/b/spdlo3b2989ab5aced/p/lib/libspdlogd.a(color_sinks.cpp.o):(.data.rel.ro._ZTVNSt3__120__shared_ptr_emplaceIN6spdlog5sinks21ansicolor_stderr_sinkINS1_7details17console_nullmutexEEENS_9allocatorIS6_EEEE[_ZTVNSt3__120__shared_ptr_emplaceIN6spdlog5sinks21ansicolor_stderr_sinkINS1_7details17console_nullmutexEEENS_9allocatorIS6_EEEE]+0x28): undefined reference to `std::__1::__shared_weak_count::__get_deleter(std::type_info const&) const'
/usr/bin/ld: /root/.conan2/p/b/spdlo3b2989ab5aced/p/lib/libspdlogd.a(color_sinks.cpp.o):(.data.rel.ro._ZTINSt3__120__shared_ptr_emplaceIN6spdlog5sinks21ansicolor_stderr_sinkINS1_7details17console_nullmutexEEENS_9allocatorIS6_EEEE[_ZTINSt3__120__shared_ptr_emplaceIN6spdlog5sinks21ansicolor_stderr_sinkINS1_7details17console_nullmutexEEENS_9allocatorIS6_EEEE]+0x10): undefined reference to `typeinfo for std::__1::__shared_weak_count'
/usr/bin/ld: /root/.conan2/p/b/spdlo3b2989ab5aced/p/lib/libspdlogd.a(color_sinks.cpp.o):(.data.rel.ro._ZTVNSt3__120__shared_ptr_emplaceIN6spdlog7details11thread_poolENS_9allocatorIS3_EEEE[_ZTVNSt3__120__shared_ptr_emplaceIN6spdlog7details11thread_poolENS_9allocatorIS3_EEEE]+0x28): undefined reference to `std::__1::__shared_weak_count::__get_deleter(std::type_info const&) const'
/usr/bin/ld: /root/.conan2/p/b/spdlo3b2989ab5aced/p/lib/libspdlogd.a(color_sinks.cpp.o):(.data.rel.ro._ZTINSt3__120__shared_ptr_emplaceIN6spdlog7details11thread_poolENS_9allocatorIS3_EEEE[_ZTINSt3__120__shared_ptr_emplaceIN6spdlog7details11thread_poolENS_9allocatorIS3_EEEE]+0x10): undefined reference to `typeinfo for std::__1::__shared_weak_count'
/usr/bin/ld: /root/.conan2/p/b/spdlo3b2989ab5aced/p/lib/libspdlogd.a(color_sinks.cpp.o):(.data.rel.ro._ZTVNSt3__120__shared_ptr_emplaceIN6spdlog12async_loggerENS_9allocatorIS2_EEEE[_ZTVNSt3__120__shared_ptr_emplaceIN6spdlog12async_loggerENS_9allocatorIS2_EEEE]+0x28): undefined reference to `std::__1::__shared_weak_count::__get_deleter(std::type_info const&) const'
/usr/bin/ld: /root/.conan2/p/b/spdlo3b2989ab5aced/p/lib/libspdlogd.a(color_sinks.cpp.o):(.data.rel.ro._ZTINSt3__120__shared_ptr_emplaceIN6spdlog12async_loggerENS_9allocatorIS2_EEEE[_ZTINSt3__120__shared_ptr_emplaceIN6spdlog12async_loggerENS_9allocatorIS2_EEEE]+0x10): undefined reference to `typeinfo for std::__1::__shared_weak_count'
/usr/bin/ld: /usr/bin/ld: DWARF error: invalid or unhandled FORM value: 0x23
/root/.conan2/p/b/spdlo3b2989ab5aced/p/lib/libspdlogd.a(file_sinks.cpp.o): in function `spdlog::details::file_helper::file_helper(spdlog::file_event_handlers const&)':
file_sinks.cpp:(.text+0x67): undefined reference to `std::__1::basic_string<char, std::__1::char_traits<char>, std::__1::allocator<char> >::~basic_string()'
/usr/bin/ld: /root/.conan2/p/b/spdlo3b2989ab5aced/p/lib/libspdlogd.a(file_sinks.cpp.o): in function `spdlog::details::file_helper::~file_helper()':
file_sinks.cpp:(.text+0xb4): undefined reference to `std::__1::basic_string<char, std::__1::char_traits<char>, std::__1::allocator<char> >::~basic_string()'
/usr/bin/ld: /root/.conan2/p/b/spdlo3b2989ab5aced/p/lib/libspdlogd.a(file_sinks.cpp.o): in function `spdlog::details::file_helper::open(std::__1::basic_string<char, std::__1::char_traits<char>, std::__1::allocator<char> > const&, bool)':
file_sinks.cpp:(.text+0x1ca): undefined reference to `std::__1::basic_string<char, std::__1::char_traits<char>, std::__1::allocator<char> >::operator=(std::__1::basic_string<char, std::__1::char_traits<char>, std::__1::allocator<char> > const&)'
/usr/bin/ld: file_sinks.cpp:(.text+0x25b): undefined reference to `std::__1::basic_string<char, std::__1::char_traits<char>, std::__1::allocator<char> >::~basic_string()'
/usr/bin/ld: file_sinks.cpp:(.text+0x2af): undefined reference to `std::__1::basic_string<char, std::__1::char_traits<char>, std::__1::allocator<char> >::~basic_string()'
/usr/bin/ld: file_sinks.cpp:(.text+0x2dc): undefined reference to `std::__1::basic_string<char, std::__1::char_traits<char>, std::__1::allocator<char> >::~basic_string()'
/usr/bin/ld: file_sinks.cpp:(.text+0x2f6): undefined reference to `std::__1::basic_string<char, std::__1::char_traits<char>, std::__1::allocator<char> >::~basic_string()'
/usr/bin/ld: file_sinks.cpp:(.text+0x377): undefined reference to `std::__1::basic_string<char, std::__1::char_traits<char>, std::__1::allocator<char> >::~basic_string()'
/usr/bin/ld: /root/.conan2/p/b/spdlo3b2989ab5aced/p/lib/libspdlogd.a(file_sinks.cpp.o):file_sinks.cpp:(.text+0x3ea): more undefined references to `std::__1::basic_string<char, std::__1::char_traits<char>, std::__1::allocator<char> >::~basic_string()' follow
/usr/bin/ld: /root/.conan2/p/b/spdlo3b2989ab5aced/p/lib/libspdlogd.a(file_sinks.cpp.o): in function `spdlog::details::file_helper::split_by_extension(std::__1::basic_string<char, std::__1::char_traits<char>, std::__1::allocator<char> > const&)':
file_sinks.cpp:(.text+0x8e5): undefined reference to `std::__1::basic_string<char, std::__1::char_traits<char>, std::__1::allocator<char> >::rfind(char, unsigned long) const'
/usr/bin/ld: file_sinks.cpp:(.text+0x96d): undefined reference to `std::__1::basic_string<char, std::__1::char_traits<char>, std::__1::allocator<char> >::~basic_string()'
/usr/bin/ld: file_sinks.cpp:(.text+0x987): undefined reference to `std::__1::basic_string<char, std::__1::char_traits<char>, std::__1::allocator<char> >::~basic_string()'
/usr/bin/ld: file_sinks.cpp:(.text+0xa0a): undefined reference to `std::__1::basic_string<char, std::__1::char_traits<char>, std::__1::allocator<char> >::~basic_string()'
/usr/bin/ld: file_sinks.cpp:(.text+0xa24): undefined reference to `std::__1::basic_string<char, std::__1::char_traits<char>, std::__1::allocator<char> >::~basic_string()'
/usr/bin/ld: file_sinks.cpp:(.text+0xa86): undefined reference to `std::__1::basic_string<char, std::__1::char_traits<char>, std::__1::allocator<char> >::~basic_string()'
/usr/bin/ld: /root/.conan2/p/b/spdlo3b2989ab5aced/p/lib/libspdlogd.a(file_sinks.cpp.o):file_sinks.cpp:(.text+0xa8f): more undefined references to `std::__1::basic_string<char, std::__1::char_traits<char>, std::__1::allocator<char> >::~basic_string()' follow
/usr/bin/ld: /root/.conan2/p/b/spdlo3b2989ab5aced/p/lib/libspdlogd.a(file_sinks.cpp.o): in function `std::__1::basic_string<char, std::__1::char_traits<char>, std::__1::allocator<char> > std::__1::operator+[abi:ue170006]<char, std::__1::char_traits<char>, std::__1::allocator<char> >(char const*, std::__1::basic_string<char, std::__1::char_traits<char>, std::__1::allocator<char> >&&)':
file_sinks.cpp:(.text._ZNSt3__1plB8ue170006IcNS_11char_traitsIcEENS_9allocatorIcEEEENS_12basic_stringIT_T0_T1_EEPKS6_OS9_[_ZNSt3__1plB8ue170006IcNS_11char_traitsIcEENS_9allocatorIcEEEENS_12basic_stringIT_T0_T1_EEPKS6_OS9_]+0x2c): undefined reference to `std::__1::basic_string<char, std::__1::char_traits<char>, std::__1::allocator<char> >::insert(unsigned long, char const*)'
/usr/bin/ld: /root/.conan2/p/b/spdlo3b2989ab5aced/p/lib/libspdlogd.a(file_sinks.cpp.o): in function `spdlog::sinks::rotating_file_sink<std::__1::mutex>::rotating_file_sink(std::__1::basic_string<char, std::__1::char_traits<char>, std::__1::allocator<char> >, unsigned long, unsigned long, bool, spdlog::file_event_handlers const&)':
file_sinks.cpp:(.text._ZN6spdlog5sinks18rotating_file_sinkINSt3__15mutexEEC2ENS2_12basic_stringIcNS2_11char_traitsIcEENS2_9allocatorIcEEEEmmbRKNS_19file_event_handlersE[_ZN6spdlog5sinks18rotating_file_sinkINSt3__15mutexEEC5ENS2_12basic_stringIcNS2_11char_traitsIcEENS2_9allocatorIcEEEEmmbRKNS_19file_event_handlersE]+0xfb): undefined reference to `std::__1::basic_string<char, std::__1::char_traits<char>, std::__1::allocator<char> >::~basic_string()'
/usr/bin/ld: file_sinks.cpp:(.text._ZN6spdlog5sinks18rotating_file_sinkINSt3__15mutexEEC2ENS2_12basic_stringIcNS2_11char_traitsIcEENS2_9allocatorIcEEEEmmbRKNS_19file_event_handlersE[_ZN6spdlog5sinks18rotating_file_sinkINSt3__15mutexEEC5ENS2_12basic_stringIcNS2_11char_traitsIcEENS2_9allocatorIcEEEEmmbRKNS_19file_event_handlersE]+0x146): undefined reference to `std::__1::basic_string<char, std::__1::char_traits<char>, std::__1::allocator<char> >::~basic_string()'
/usr/bin/ld: file_sinks.cpp:(.text._ZN6spdlog5sinks18rotating_file_sinkINSt3__15mutexEEC2ENS2_12basic_stringIcNS2_11char_traitsIcEENS2_9allocatorIcEEEEmmbRKNS_19file_event_handlersE[_ZN6spdlog5sinks18rotating_file_sinkINSt3__15mutexEEC5ENS2_12basic_stringIcNS2_11char_traitsIcEENS2_9allocatorIcEEEEmmbRKNS_19file_event_handlersE]+0x19f): undefined reference to `std::__1::basic_string<char, std::__1::char_traits<char>, std::__1::allocator<char> >::~basic_string()'
/usr/bin/ld: file_sinks.cpp:(.text._ZN6spdlog5sinks18rotating_file_sinkINSt3__15mutexEEC2ENS2_12basic_stringIcNS2_11char_traitsIcEENS2_9allocatorIcEEEEmmbRKNS_19file_event_handlersE[_ZN6spdlog5sinks18rotating_file_sinkINSt3__15mutexEEC5ENS2_12basic_stringIcNS2_11char_traitsIcEENS2_9allocatorIcEEEEmmbRKNS_19file_event_handlersE]+0x226): undefined reference to `std::__1::basic_string<char, std::__1::char_traits<char>, std::__1::allocator<char> >::~basic_string()'
/usr/bin/ld: file_sinks.cpp:(.text._ZN6spdlog5sinks18rotating_file_sinkINSt3__15mutexEEC2ENS2_12basic_stringIcNS2_11char_traitsIcEENS2_9allocatorIcEEEEmmbRKNS_19file_event_handlersE[_ZN6spdlog5sinks18rotating_file_sinkINSt3__15mutexEEC5ENS2_12basic_stringIcNS2_11char_traitsIcEENS2_9allocatorIcEEEEmmbRKNS_19file_event_handlersE]+0x24c): undefined reference to `std::__1::basic_string<char, std::__1::char_traits<char>, std::__1::allocator<char> >::~basic_string()'
/usr/bin/ld: /root/.conan2/p/b/spdlo3b2989ab5aced/p/lib/libspdlogd.a(file_sinks.cpp.o): in function `spdlog::sinks::rotating_file_sink<std::__1::mutex>::calc_filename(std::__1::basic_string<char, std::__1::char_traits<char>, std::__1::allocator<char> > const&, unsigned long)':
file_sinks.cpp:(.text._ZN6spdlog5sinks18rotating_file_sinkINSt3__15mutexEE13calc_filenameERKNS2_12basic_stringIcNS2_11char_traitsIcEENS2_9allocatorIcEEEEm[_ZN6spdlog5sinks18rotating_file_sinkINSt3__15mutexEE13calc_filenameERKNS2_12basic_stringIcNS2_11char_traitsIcEENS2_9allocatorIcEEEEm]+0x3f): undefined reference to `std::__1::basic_string<char, std::__1::char_traits<char>, std::__1::allocator<char> >::basic_string(std::__1::basic_string<char, std::__1::char_traits<char>, std::__1::allocator<char> > const&)'
/usr/bin/ld: file_sinks.cpp:(.text._ZN6spdlog5sinks18rotating_file_sinkINSt3__15mutexEE13calc_filenameERKNS2_12basic_stringIcNS2_11char_traitsIcEENS2_9allocatorIcEEEEm[_ZN6spdlog5sinks18rotating_file_sinkINSt3__15mutexEE13calc_filenameERKNS2_12basic_stringIcNS2_11char_traitsIcEENS2_9allocatorIcEEEEm]+0x14f): undefined reference to `std::__1::basic_string<char, std::__1::char_traits<char>, std::__1::allocator<char> >::~basic_string()'
/usr/bin/ld: file_sinks.cpp:(.text._ZN6spdlog5sinks18rotating_file_sinkINSt3__15mutexEE13calc_filenameERKNS2_12basic_stringIcNS2_11char_traitsIcEENS2_9allocatorIcEEEEm[_ZN6spdlog5sinks18rotating_file_sinkINSt3__15mutexEE13calc_filenameERKNS2_12basic_stringIcNS2_11char_traitsIcEENS2_9allocatorIcEEEEm]+0x158): undefined reference to `std::__1::basic_string<char, std::__1::char_traits<char>, std::__1::allocator<char> >::~basic_string()'
/usr/bin/ld: file_sinks.cpp:(.text._ZN6spdlog5sinks18rotating_file_sinkINSt3__15mutexEE13calc_filenameERKNS2_12basic_stringIcNS2_11char_traitsIcEENS2_9allocatorIcEEEEm[_ZN6spdlog5sinks18rotating_file_sinkINSt3__15mutexEE13calc_filenameERKNS2_12basic_stringIcNS2_11char_traitsIcEENS2_9allocatorIcEEEEm]+0x178): undefined reference to `std::__1::basic_string<char, std::__1::char_traits<char>, std::__1::allocator<char> >::~basic_string()'
/usr/bin/ld: file_sinks.cpp:(.text._ZN6spdlog5sinks18rotating_file_sinkINSt3__15mutexEE13calc_filenameERKNS2_12basic_stringIcNS2_11char_traitsIcEENS2_9allocatorIcEEEEm[_ZN6spdlog5sinks18rotating_file_sinkINSt3__15mutexEE13calc_filenameERKNS2_12basic_stringIcNS2_11char_traitsIcEENS2_9allocatorIcEEEEm]+0x181): undefined reference to `std::__1::basic_string<char, std::__1::char_traits<char>, std::__1::allocator<char> >::~basic_string()'
/usr/bin/ld: /root/.conan2/p/b/spdlo3b2989ab5aced/p/lib/libspdlogd.a(file_sinks.cpp.o): in function `spdlog::sinks::rotating_file_sink<std::__1::mutex>::rotate_()':
file_sinks.cpp:(.text._ZN6spdlog5sinks18rotating_file_sinkINSt3__15mutexEE7rotate_Ev[_ZN6spdlog5sinks18rotating_file_sinkINSt3__15mutexEE7rotate_Ev]+0x23a): undefined reference to `std::__1::basic_string<char, std::__1::char_traits<char>, std::__1::allocator<char> >::~basic_string()'
/usr/bin/ld: /root/.conan2/p/b/spdlo3b2989ab5aced/p/lib/libspdlogd.a(file_sinks.cpp.o):file_sinks.cpp:(.text._ZN6spdlog5sinks18rotating_file_sinkINSt3__15mutexEE7rotate_Ev[_ZN6spdlog5sinks18rotating_file_sinkINSt3__15mutexEE7rotate_Ev]+0x246): more undefined references to `std::__1::basic_string<char, std::__1::char_traits<char>, std::__1::allocator<char> >::~basic_string()' follow
/usr/bin/ld: /root/.conan2/p/b/spdlo3b2989ab5aced/p/lib/libspdlogd.a(file_sinks.cpp.o): in function `spdlog::sinks::rotating_file_sink<std::__1::mutex>::filename()':
file_sinks.cpp:(.text._ZN6spdlog5sinks18rotating_file_sinkINSt3__15mutexEE8filenameEv[_ZN6spdlog5sinks18rotating_file_sinkINSt3__15mutexEE8filenameEv]+0x45): undefined reference to `std::__1::basic_string<char, std::__1::char_traits<char>, std::__1::allocator<char> >::basic_string(std::__1::basic_string<char, std::__1::char_traits<char>, std::__1::allocator<char> > const&)'
/usr/bin/ld: /root/.conan2/p/b/spdlo3b2989ab5aced/p/lib/libspdlogd.a(file_sinks.cpp.o): in function `spdlog::sinks::rotating_file_sink<spdlog::details::null_mutex>::rotating_file_sink(std::__1::basic_string<char, std::__1::char_traits<char>, std::__1::allocator<char> >, unsigned long, unsigned long, bool, spdlog::file_event_handlers const&)':
file_sinks.cpp:(.text._ZN6spdlog5sinks18rotating_file_sinkINS_7details10null_mutexEEC2ENSt3__112basic_stringIcNS5_11char_traitsIcEENS5_9allocatorIcEEEEmmbRKNS_19file_event_handlersE[_ZN6spdlog5sinks18rotating_file_sinkINS_7details10null_mutexEEC5ENSt3__112basic_stringIcNS5_11char_traitsIcEENS5_9allocatorIcEEEEmmbRKNS_19file_event_handlersE]+0xfb): undefined reference to `std::__1::basic_string<char, std::__1::char_traits<char>, std::__1::allocator<char> >::~basic_string()'
/usr/bin/ld: file_sinks.cpp:(.text._ZN6spdlog5sinks18rotating_file_sinkINS_7details10null_mutexEEC2ENSt3__112basic_stringIcNS5_11char_traitsIcEENS5_9allocatorIcEEEEmmbRKNS_19file_event_handlersE[_ZN6spdlog5sinks18rotating_file_sinkINS_7details10null_mutexEEC5ENSt3__112basic_stringIcNS5_11char_traitsIcEENS5_9allocatorIcEEEEmmbRKNS_19file_event_handlersE]+0x146): undefined reference to `std::__1::basic_string<char, std::__1::char_traits<char>, std::__1::allocator<char> >::~basic_string()'
/usr/bin/ld: file_sinks.cpp:(.text._ZN6spdlog5sinks18rotating_file_sinkINS_7details10null_mutexEEC2ENSt3__112basic_stringIcNS5_11char_traitsIcEENS5_9allocatorIcEEEEmmbRKNS_19file_event_handlersE[_ZN6spdlog5sinks18rotating_file_sinkINS_7details10null_mutexEEC5ENSt3__112basic_stringIcNS5_11char_traitsIcEENS5_9allocatorIcEEEEmmbRKNS_19file_event_handlersE]+0x19f): undefined reference to `std::__1::basic_string<char, std::__1::char_traits<char>, std::__1::allocator<char> >::~basic_string()'
/usr/bin/ld: file_sinks.cpp:(.text._ZN6spdlog5sinks18rotating_file_sinkINS_7details10null_mutexEEC2ENSt3__112basic_stringIcNS5_11char_traitsIcEENS5_9allocatorIcEEEEmmbRKNS_19file_event_handlersE[_ZN6spdlog5sinks18rotating_file_sinkINS_7details10null_mutexEEC5ENSt3__112basic_stringIcNS5_11char_traitsIcEENS5_9allocatorIcEEEEmmbRKNS_19file_event_handlersE]+0x226): undefined reference to `std::__1::basic_string<char, std::__1::char_traits<char>, std::__1::allocator<char> >::~basic_string()'
/usr/bin/ld: file_sinks.cpp:(.text._ZN6spdlog5sinks18rotating_file_sinkINS_7details10null_mutexEEC2ENSt3__112basic_stringIcNS5_11char_traitsIcEENS5_9allocatorIcEEEEmmbRKNS_19file_event_handlersE[_ZN6spdlog5sinks18rotating_file_sinkINS_7details10null_mutexEEC5ENSt3__112basic_stringIcNS5_11char_traitsIcEENS5_9allocatorIcEEEEmmbRKNS_19file_event_handlersE]+0x24c): undefined reference to `std::__1::basic_string<char, std::__1::char_traits<char>, std::__1::allocator<char> >::~basic_string()'
/usr/bin/ld: /root/.conan2/p/b/spdlo3b2989ab5aced/p/lib/libspdlogd.a(file_sinks.cpp.o): in function `spdlog::sinks::rotating_file_sink<spdlog::details::null_mutex>::calc_filename(std::__1::basic_string<char, std::__1::char_traits<char>, std::__1::allocator<char> > const&, unsigned long)':
file_sinks.cpp:(.text._ZN6spdlog5sinks18rotating_file_sinkINS_7details10null_mutexEE13calc_filenameERKNSt3__112basic_stringIcNS5_11char_traitsIcEENS5_9allocatorIcEEEEm[_ZN6spdlog5sinks18rotating_file_sinkINS_7details10null_mutexEE13calc_filenameERKNSt3__112basic_stringIcNS5_11char_traitsIcEENS5_9allocatorIcEEEEm]+0x3f): undefined reference to `std::__1::basic_string<char, std::__1::char_traits<char>, std::__1::allocator<char> >::basic_string(std::__1::basic_string<char, std::__1::char_traits<char>, std::__1::allocator<char> > const&)'
/usr/bin/ld: file_sinks.cpp:(.text._ZN6spdlog5sinks18rotating_file_sinkINS_7details10null_mutexEE13calc_filenameERKNSt3__112basic_stringIcNS5_11char_traitsIcEENS5_9allocatorIcEEEEm[_ZN6spdlog5sinks18rotating_file_sinkINS_7details10null_mutexEE13calc_filenameERKNSt3__112basic_stringIcNS5_11char_traitsIcEENS5_9allocatorIcEEEEm]+0x131): undefined reference to `std::__1::basic_string<char, std::__1::char_traits<char>, std::__1::allocator<char> >::~basic_string()'
/usr/bin/ld: file_sinks.cpp:(.text._ZN6spdlog5sinks18rotating_file_sinkINS_7details10null_mutexEE13calc_filenameERKNSt3__112basic_stringIcNS5_11char_traitsIcEENS5_9allocatorIcEEEEm[_ZN6spdlog5sinks18rotating_file_sinkINS_7details10null_mutexEE13calc_filenameERKNSt3__112basic_stringIcNS5_11char_traitsIcEENS5_9allocatorIcEEEEm]+0x13a): undefined reference to `std::__1::basic_string<char, std::__1::char_traits<char>, std::__1::allocator<char> >::~basic_string()'
/usr/bin/ld: file_sinks.cpp:(.text._ZN6spdlog5sinks18rotating_file_sinkINS_7details10null_mutexEE13calc_filenameERKNSt3__112basic_stringIcNS5_11char_traitsIcEENS5_9allocatorIcEEEEm[_ZN6spdlog5sinks18rotating_file_sinkINS_7details10null_mutexEE13calc_filenameERKNSt3__112basic_stringIcNS5_11char_traitsIcEENS5_9allocatorIcEEEEm]+0x15a): undefined reference to `std::__1::basic_string<char, std::__1::char_traits<char>, std::__1::allocator<char> >::~basic_string()'
/usr/bin/ld: file_sinks.cpp:(.text._ZN6spdlog5sinks18rotating_file_sinkINS_7details10null_mutexEE13calc_filenameERKNSt3__112basic_stringIcNS5_11char_traitsIcEENS5_9allocatorIcEEEEm[_ZN6spdlog5sinks18rotating_file_sinkINS_7details10null_mutexEE13calc_filenameERKNSt3__112basic_stringIcNS5_11char_traitsIcEENS5_9allocatorIcEEEEm]+0x163): undefined reference to `std::__1::basic_string<char, std::__1::char_traits<char>, std::__1::allocator<char> >::~basic_string()'
/usr/bin/ld: /root/.conan2/p/b/spdlo3b2989ab5aced/p/lib/libspdlogd.a(file_sinks.cpp.o): in function `spdlog::sinks::rotating_file_sink<spdlog::details::null_mutex>::rotate_()':
file_sinks.cpp:(.text._ZN6spdlog5sinks18rotating_file_sinkINS_7details10null_mutexEE7rotate_Ev[_ZN6spdlog5sinks18rotating_file_sinkINS_7details10null_mutexEE7rotate_Ev]+0x23a): undefined reference to `std::__1::basic_string<char, std::__1::char_traits<char>, std::__1::allocator<char> >::~basic_string()'
/usr/bin/ld: /root/.conan2/p/b/spdlo3b2989ab5aced/p/lib/libspdlogd.a(file_sinks.cpp.o):file_sinks.cpp:(.text._ZN6spdlog5sinks18rotating_file_sinkINS_7details10null_mutexEE7rotate_Ev[_ZN6spdlog5sinks18rotating_file_sinkINS_7details10null_mutexEE7rotate_Ev]+0x246): more undefined references to `std::__1::basic_string<char, std::__1::char_traits<char>, std::__1::allocator<char> >::~basic_string()' follow
/usr/bin/ld: /root/.conan2/p/b/spdlo3b2989ab5aced/p/lib/libspdlogd.a(file_sinks.cpp.o): in function `spdlog::sinks::rotating_file_sink<spdlog::details::null_mutex>::filename()':
file_sinks.cpp:(.text._ZN6spdlog5sinks18rotating_file_sinkINS_7details10null_mutexEE8filenameEv[_ZN6spdlog5sinks18rotating_file_sinkINS_7details10null_mutexEE8filenameEv]+0x45): undefined reference to `std::__1::basic_string<char, std::__1::char_traits<char>, std::__1::allocator<char> >::basic_string(std::__1::basic_string<char, std::__1::char_traits<char>, std::__1::allocator<char> > const&)'
/usr/bin/ld: /root/.conan2/p/b/spdlo3b2989ab5aced/p/lib/libspdlogd.a(file_sinks.cpp.o): in function `spdlog::sinks::rotating_file_sink<std::__1::mutex>::~rotating_file_sink()':
file_sinks.cpp:(.text._ZN6spdlog5sinks18rotating_file_sinkINSt3__15mutexEED2Ev[_ZN6spdlog5sinks18rotating_file_sinkINSt3__15mutexEED2Ev]+0x26): undefined reference to `std::__1::basic_string<char, std::__1::char_traits<char>, std::__1::allocator<char> >::~basic_string()'
/usr/bin/ld: /root/.conan2/p/b/spdlo3b2989ab5aced/p/lib/libspdlogd.a(file_sinks.cpp.o): in function `spdlog::sinks::rotating_file_sink<spdlog::details::null_mutex>::~rotating_file_sink()':
file_sinks.cpp:(.text._ZN6spdlog5sinks18rotating_file_sinkINS_7details10null_mutexEED2Ev[_ZN6spdlog5sinks18rotating_file_sinkINS_7details10null_mutexEED2Ev]+0x26): undefined reference to `std::__1::basic_string<char, std::__1::char_traits<char>, std::__1::allocator<char> >::~basic_string()'
/usr/bin/ld: /root/.conan2/p/b/spdlo3b2989ab5aced/p/lib/libspdlogd.a(file_sinks.cpp.o): in function `_ZNSt3__112__tuple_leafILm0ENS_12basic_stringIcNS_11char_traitsIcEENS_9allocatorIcEEEELb0EEC2B8ue170006IRKS6_vEEOT_':
file_sinks.cpp:(.text._ZNSt3__112__tuple_leafILm0ENS_12basic_stringIcNS_11char_traitsIcEENS_9allocatorIcEEEELb0EEC2B8ue170006IRKS6_vEEOT_[_ZNSt3__112__tuple_leafILm0ENS_12basic_stringIcNS_11char_traitsIcEENS_9allocatorIcEEEELb0EEC2B8ue170006IRKS6_vEEOT_]+0x19): undefined reference to `std::__1::basic_string<char, std::__1::char_traits<char>, std::__1::allocator<char> >::basic_string(std::__1::basic_string<char, std::__1::char_traits<char>, std::__1::allocator<char> > const&)'
/usr/bin/ld: /root/.conan2/p/b/spdlo3b2989ab5aced/p/lib/libspdlogd.a(file_sinks.cpp.o): in function `std::__1::__tuple_leaf<1ul, std::__1::basic_string<char, std::__1::char_traits<char>, std::__1::allocator<char> >, false>::~__tuple_leaf()':
file_sinks.cpp:(.text._ZNSt3__112__tuple_leafILm1ENS_12basic_stringIcNS_11char_traitsIcEENS_9allocatorIcEEEELb0EED2Ev[_ZNSt3__112__tuple_leafILm1ENS_12basic_stringIcNS_11char_traitsIcEENS_9allocatorIcEEEELb0EED2Ev]+0x11): undefined reference to `std::__1::basic_string<char, std::__1::char_traits<char>, std::__1::allocator<char> >::~basic_string()'
/usr/bin/ld: /root/.conan2/p/b/spdlo3b2989ab5aced/p/lib/libspdlogd.a(file_sinks.cpp.o): in function `std::__1::__tuple_leaf<0ul, std::__1::basic_string<char, std::__1::char_traits<char>, std::__1::allocator<char> >, false>::~__tuple_leaf()':
file_sinks.cpp:(.text._ZNSt3__112__tuple_leafILm0ENS_12basic_stringIcNS_11char_traitsIcEENS_9allocatorIcEEEELb0EED2Ev[_ZNSt3__112__tuple_leafILm0ENS_12basic_stringIcNS_11char_traitsIcEENS_9allocatorIcEEEELb0EED2Ev]+0x11): undefined reference to `std::__1::basic_string<char, std::__1::char_traits<char>, std::__1::allocator<char> >::~basic_string()'
/usr/bin/ld: /root/.conan2/p/b/spdlo3b2989ab5aced/p/lib/libspdlogd.a(file_sinks.cpp.o): in function `std::__1::basic_string<char, std::__1::char_traits<char>, std::__1::allocator<char> >::append[abi:ue170006](std::__1::basic_string<char, std::__1::char_traits<char>, std::__1::allocator<char> > const&)':
file_sinks.cpp:(.text._ZNSt3__112basic_stringIcNS_11char_traitsIcEENS_9allocatorIcEEE6appendB8ue170006ERKS5_[_ZNSt3__112basic_stringIcNS_11char_traitsIcEENS_9allocatorIcEEE6appendB8ue170006ERKS5_]+0x3a): undefined reference to `std::__1::basic_string<char, std::__1::char_traits<char>, std::__1::allocator<char> >::append(char const*, unsigned long)'
/usr/bin/ld: /usr/bin/ld: DWARF error: invalid or unhandled FORM value: 0x23
/root/.conan2/p/b/spdlo3b2989ab5aced/p/lib/libspdlogd.a(async.cpp.o): in function `spdlog::async_logger::async_logger(std::__1::basic_string<char, std::__1::char_traits<char>, std::__1::allocator<char> >, std::initializer_list<std::__1::shared_ptr<spdlog::sinks::sink> >, std::__1::weak_ptr<spdlog::details::thread_pool>, spdlog::async_overflow_policy)':
async.cpp:(.text+0xb3): undefined reference to `std::__1::basic_string<char, std::__1::char_traits<char>, std::__1::allocator<char> >::~basic_string()'
/usr/bin/ld: async.cpp:(.text+0xda): undefined reference to `std::__1::basic_string<char, std::__1::char_traits<char>, std::__1::allocator<char> >::~basic_string()'
/usr/bin/ld: /root/.conan2/p/b/spdlo3b2989ab5aced/p/lib/libspdlogd.a(async.cpp.o): in function `spdlog::async_logger::async_logger(std::__1::basic_string<char, std::__1::char_traits<char>, std::__1::allocator<char> >, std::__1::shared_ptr<spdlog::sinks::sink>, std::__1::weak_ptr<spdlog::details::thread_pool>, spdlog::async_overflow_policy)':
async.cpp:(.text+0x201): undefined reference to `std::__1::basic_string<char, std::__1::char_traits<char>, std::__1::allocator<char> >::~basic_string()'
/usr/bin/ld: async.cpp:(.text+0x276): undefined reference to `std::__1::basic_string<char, std::__1::char_traits<char>, std::__1::allocator<char> >::~basic_string()'
/usr/bin/ld: /root/.conan2/p/b/spdlo3b2989ab5aced/p/lib/libspdlogd.a(async.cpp.o): in function `spdlog::async_logger::sink_it_(spdlog::details::log_msg const&)':
async.cpp:(.text+0x393): undefined reference to `std::__1::basic_string<char, std::__1::char_traits<char>, std::__1::allocator<char> >::~basic_string()'
/usr/bin/ld: /root/.conan2/p/b/spdlo3b2989ab5aced/p/lib/libspdlogd.a(async.cpp.o):async.cpp:(.text+0x4bd): more undefined references to `std::__1::basic_string<char, std::__1::char_traits<char>, std::__1::allocator<char> >::~basic_string()' follow
/usr/bin/ld: /root/.conan2/p/b/spdlo3b2989ab5aced/p/lib/libspdlogd.a(async.cpp.o): in function `spdlog::details::periodic_worker::~periodic_worker()':
async.cpp:(.text+0xf79): undefined reference to `std::__1::condition_variable::notify_one()'
/usr/bin/ld: async.cpp:(.text+0xf86): undefined reference to `std::__1::thread::join()'
/usr/bin/ld: async.cpp:(.text+0xf9d): undefined reference to `std::__1::condition_variable::~condition_variable()'
/usr/bin/ld: async.cpp:(.text+0xfaa): undefined reference to `std::__1::thread::~thread()'
/usr/bin/ld: /root/.conan2/p/b/spdlo3b2989ab5aced/p/lib/libspdlogd.a(async.cpp.o): in function `spdlog::details::thread_pool::thread_pool(unsigned long, unsigned long, std::__1::function<void ()>, std::__1::function<void ()>)':
async.cpp:(.text+0x1079): undefined reference to `std::__1::basic_string<char, std::__1::char_traits<char>, std::__1::allocator<char> >::~basic_string()'
/usr/bin/ld: /root/.conan2/p/b/spdlo3b2989ab5aced/p/lib/libspdlogd.a(async.cpp.o): in function `spdlog::details::thread_pool::~thread_pool()':
async.cpp:(.text+0x1617): undefined reference to `std::__1::thread::join()'
/usr/bin/ld: /root/.conan2/p/b/spdlo3b2989ab5aced/p/lib/libspdlogd.a(async.cpp.o): in function `std::__1::thread::thread<spdlog::details::thread_pool::thread_pool(unsigned long, unsigned long, std::__1::function<void ()>, std::__1::function<void ()>)::$_0, , void>(spdlog::details::thread_pool::thread_pool(unsigned long, unsigned long, std::__1::function<void ()>, std::__1::function<void ()>)::$_0&&)':
async.cpp:(.text+0x1bfd): undefined reference to `std::__1::__thread_struct::__thread_struct()'
/usr/bin/ld: async.cpp:(.text+0x1cda): undefined reference to `std::__1::__throw_system_error(int, char const*)'
/usr/bin/ld: /root/.conan2/p/b/spdlo3b2989ab5aced/p/lib/libspdlogd.a(async.cpp.o): in function `void* std::__1::__thread_proxy[abi:ue170006]<std::__1::tuple<std::__1::unique_ptr<std::__1::__thread_struct, std::__1::default_delete<std::__1::__thread_struct> >, spdlog::details::thread_pool::thread_pool(unsigned long, unsigned long, std::__1::function<void ()>, std::__1::function<void ()>)::$_0> >(void*)':
async.cpp:(.text+0x1d9a): undefined reference to `std::__1::__thread_local_data()'
/usr/bin/ld: /root/.conan2/p/b/spdlo3b2989ab5aced/p/lib/libspdlogd.a(async.cpp.o): in function `spdlog::async_logger::async_logger<std::__1::shared_ptr<spdlog::sinks::sink> const*>(std::__1::basic_string<char, std::__1::char_traits<char>, std::__1::allocator<char> >, std::__1::shared_ptr<spdlog::sinks::sink> const*, std::__1::shared_ptr<spdlog::sinks::sink> const*, std::__1::weak_ptr<spdlog::details::thread_pool>, spdlog::async_overflow_policy)':
async.cpp:(.text._ZN6spdlog12async_loggerC2IPKNSt3__110shared_ptrINS_5sinks4sinkEEEEENS2_12basic_stringIcNS2_11char_traitsIcEENS2_9allocatorIcEEEET_SF_NS2_8weak_ptrINS_7details11thread_poolEEENS_21async_overflow_policyE[_ZN6spdlog12async_loggerC2IPKNSt3__110shared_ptrINS_5sinks4sinkEEEEENS2_12basic_stringIcNS2_11char_traitsIcEENS2_9allocatorIcEEEET_SF_NS2_8weak_ptrINS_7details11thread_poolEEENS_21async_overflow_policyE]+0x6f): undefined reference to `std::__1::basic_string<char, std::__1::char_traits<char>, std::__1::allocator<char> >::~basic_string()'
/usr/bin/ld: async.cpp:(.text._ZN6spdlog12async_loggerC2IPKNSt3__110shared_ptrINS_5sinks4sinkEEEEENS2_12basic_stringIcNS2_11char_traitsIcEENS2_9allocatorIcEEEET_SF_NS2_8weak_ptrINS_7details11thread_poolEEENS_21async_overflow_policyE[_ZN6spdlog12async_loggerC2IPKNSt3__110shared_ptrINS_5sinks4sinkEEEEENS2_12basic_stringIcNS2_11char_traitsIcEENS2_9allocatorIcEEEET_SF_NS2_8weak_ptrINS_7details11thread_poolEEENS_21async_overflow_policyE]+0xbc): undefined reference to `std::__1::basic_string<char, std::__1::char_traits<char>, std::__1::allocator<char> >::~basic_string()'
/usr/bin/ld: /root/.conan2/p/b/spdlo3b2989ab5aced/p/lib/libspdlogd.a(async.cpp.o): in function `std::__1::weak_ptr<spdlog::details::thread_pool>::lock() const':
async.cpp:(.text._ZNKSt3__18weak_ptrIN6spdlog7details11thread_poolEE4lockEv[_ZNKSt3__18weak_ptrIN6spdlog7details11thread_poolEE4lockEv]+0x44): undefined reference to `std::__1::__shared_weak_count::lock()'
/usr/bin/ld: /root/.conan2/p/b/spdlo3b2989ab5aced/p/lib/libspdlogd.a(async.cpp.o): in function `spdlog::details::mpmc_blocking_queue<spdlog::details::async_msg>::mpmc_blocking_queue(unsigned long)':
async.cpp:(.text._ZN6spdlog7details19mpmc_blocking_queueINS0_9async_msgEEC2Em[_ZN6spdlog7details19mpmc_blocking_queueINS0_9async_msgEEC2Em]+0x83): undefined reference to `std::__1::condition_variable::~condition_variable()'
/usr/bin/ld: async.cpp:(.text._ZN6spdlog7details19mpmc_blocking_queueINS0_9async_msgEEC2Em[_ZN6spdlog7details19mpmc_blocking_queueINS0_9async_msgEEC2Em]+0x8c): undefined reference to `std::__1::condition_variable::~condition_variable()'
/usr/bin/ld: /root/.conan2/p/b/spdlo3b2989ab5aced/p/lib/libspdlogd.a(async.cpp.o): in function `spdlog::details::mpmc_blocking_queue<spdlog::details::async_msg>::~mpmc_blocking_queue()':
async.cpp:(.text._ZN6spdlog7details19mpmc_blocking_queueINS0_9async_msgEED2Ev[_ZN6spdlog7details19mpmc_blocking_queueINS0_9async_msgEED2Ev]+0x29): undefined reference to `std::__1::condition_variable::~condition_variable()'
/usr/bin/ld: async.cpp:(.text._ZN6spdlog7details19mpmc_blocking_queueINS0_9async_msgEED2Ev[_ZN6spdlog7details19mpmc_blocking_queueINS0_9async_msgEED2Ev]+0x36): undefined reference to `std::__1::condition_variable::~condition_variable()'
/usr/bin/ld: /root/.conan2/p/b/spdlo3b2989ab5aced/p/lib/libspdlogd.a(async.cpp.o): in function `spdlog::details::mpmc_blocking_queue<spdlog::details::async_msg>::enqueue(spdlog::details::async_msg&&)':
async.cpp:(.text._ZN6spdlog7details19mpmc_blocking_queueINS0_9async_msgEE7enqueueEOS2_[_ZN6spdlog7details19mpmc_blocking_queueINS0_9async_msgEE7enqueueEOS2_]+0x71): undefined reference to `std::__1::condition_variable::notify_one()'
/usr/bin/ld: /root/.conan2/p/b/spdlo3b2989ab5aced/p/lib/libspdlogd.a(async.cpp.o): in function `spdlog::details::mpmc_blocking_queue<spdlog::details::async_msg>::enqueue_nowait(spdlog::details::async_msg&&)':
async.cpp:(.text._ZN6spdlog7details19mpmc_blocking_queueINS0_9async_msgEE14enqueue_nowaitEOS2_[_ZN6spdlog7details19mpmc_blocking_queueINS0_9async_msgEE14enqueue_nowaitEOS2_]+0x47): undefined reference to `std::__1::condition_variable::notify_one()'
/usr/bin/ld: /root/.conan2/p/b/spdlo3b2989ab5aced/p/lib/libspdlogd.a(async.cpp.o): in function `spdlog::details::mpmc_blocking_queue<spdlog::details::async_msg>::enqueue_if_have_room(spdlog::details::async_msg&&)':
async.cpp:(.text._ZN6spdlog7details19mpmc_blocking_queueINS0_9async_msgEE20enqueue_if_have_roomEOS2_[_ZN6spdlog7details19mpmc_blocking_queueINS0_9async_msgEE20enqueue_if_have_roomEOS2_]+0x71): undefined reference to `std::__1::condition_variable::notify_one()'
/usr/bin/ld: /root/.conan2/p/b/spdlo3b2989ab5aced/p/lib/libspdlogd.a(async.cpp.o): in function `spdlog::details::mpmc_blocking_queue<spdlog::details::async_msg>::dequeue(spdlog::details::async_msg&)':
async.cpp:(.text._ZN6spdlog7details19mpmc_blocking_queueINS0_9async_msgEE7dequeueERS2_[_ZN6spdlog7details19mpmc_blocking_queueINS0_9async_msgEE7dequeueERS2_]+0x93): undefined reference to `std::__1::condition_variable::notify_one()'
/usr/bin/ld: /root/.conan2/p/b/spdlo3b2989ab5aced/p/lib/libspdlogd.a(async.cpp.o): in function `_ZNSt3__110shared_ptrIN6spdlog12async_loggerEEC2B8ue170006IS2_vEERKNS_8weak_ptrIT_EE':
async.cpp:(.text._ZNSt3__110shared_ptrIN6spdlog12async_loggerEEC2B8ue170006IS2_vEERKNS_8weak_ptrIT_EE[_ZNSt3__110shared_ptrIN6spdlog12async_loggerEEC2B8ue170006IS2_vEERKNS_8weak_ptrIT_EE]+0x42): undefined reference to `std::__1::__shared_weak_count::lock()'
/usr/bin/ld: /root/.conan2/p/b/spdlo3b2989ab5aced/p/lib/libspdlogd.a(async.cpp.o): in function `std::__1::__throw_bad_weak_ptr[abi:ue170006]()':
async.cpp:(.text._ZNSt3__120__throw_bad_weak_ptrB8ue170006Ev[_ZNSt3__120__throw_bad_weak_ptrB8ue170006Ev]+0x35): undefined reference to `typeinfo for std::__1::bad_weak_ptr'
/usr/bin/ld: async.cpp:(.text._ZNSt3__120__throw_bad_weak_ptrB8ue170006Ev[_ZNSt3__120__throw_bad_weak_ptrB8ue170006Ev]+0x3c): undefined reference to `std::__1::bad_weak_ptr::~bad_weak_ptr()'
/usr/bin/ld: /root/.conan2/p/b/spdlo3b2989ab5aced/p/lib/libspdlogd.a(async.cpp.o): in function `std::__1::bad_weak_ptr::bad_weak_ptr[abi:ue170006]()':
async.cpp:(.text._ZNSt3__112bad_weak_ptrC2B8ue170006Ev[_ZNSt3__112bad_weak_ptrC2B8ue170006Ev]+0x20): undefined reference to `vtable for std::__1::bad_weak_ptr'
/usr/bin/ld: /root/.conan2/p/b/spdlo3b2989ab5aced/p/lib/libspdlogd.a(async.cpp.o): in function `std::__1::allocator<spdlog::async_logger> std::__1::__shared_ptr_emplace<spdlog::async_logger, std::__1::allocator<spdlog::async_logger> >::__shared_ptr_emplace[abi:ue170006]<spdlog::async_logger&>(spdlog::async_logger&)':
async.cpp:(.text._ZNSt3__120__shared_ptr_emplaceIN6spdlog12async_loggerENS_9allocatorIS2_EEEC2B8ue170006IJRS2_EEES4_DpOT_[_ZNSt3__120__shared_ptr_emplaceIN6spdlog12async_loggerENS_9allocatorIS2_EEEC2B8ue170006IJRS2_EEES4_DpOT_]+0x94): undefined reference to `std::__1::__shared_weak_count::~__shared_weak_count()'
/usr/bin/ld: /root/.conan2/p/b/spdlo3b2989ab5aced/p/lib/libspdlogd.a(async.cpp.o): in function `std::__1::allocator<std::__1::thread>::destroy[abi:ue170006](std::__1::thread*)':
async.cpp:(.text._ZNSt3__19allocatorINS_6threadEE7destroyB8ue170006EPS1_[_ZNSt3__19allocatorINS_6threadEE7destroyB8ue170006EPS1_]+0x15): undefined reference to `std::__1::thread::~thread()'
/usr/bin/ld: /root/.conan2/p/b/spdlo3b2989ab5aced/p/lib/libspdlogd.a(async.cpp.o): in function `std::__1::default_delete<std::__1::__thread_struct>::operator()[abi:ue170006](std::__1::__thread_struct*) const':
async.cpp:(.text._ZNKSt3__114default_deleteINS_15__thread_structEEclB8ue170006EPS1_[_ZNKSt3__114default_deleteINS_15__thread_structEEclB8ue170006EPS1_]+0x27): undefined reference to `std::__1::__thread_struct::~__thread_struct()'
/usr/bin/ld: /root/.conan2/p/b/spdlo3b2989ab5aced/p/lib/libspdlogd.a(async.cpp.o): in function `std::__1::unique_lock<std::__1::mutex>::unique_lock[abi:ue170006](std::__1::mutex&)':
async.cpp:(.text._ZNSt3__111unique_lockINS_5mutexEEC2B8ue170006ERS1_[_ZNSt3__111unique_lockINS_5mutexEEC2B8ue170006ERS1_]+0x23): undefined reference to `std::__1::mutex::lock()'
/usr/bin/ld: /root/.conan2/p/b/spdlo3b2989ab5aced/p/lib/libspdlogd.a(async.cpp.o): in function `void std::__1::condition_variable::wait<spdlog::details::mpmc_blocking_queue<spdlog::details::async_msg>::enqueue(spdlog::details::async_msg&&)::{lambda()#1}>(std::__1::unique_lock<std::__1::mutex>&, spdlog::details::mpmc_blocking_queue<spdlog::details::async_msg>::enqueue(spdlog::details::async_msg&&)::{lambda()#1})':
async.cpp:(.text._ZNSt3__118condition_variable4waitIZN6spdlog7details19mpmc_blocking_queueINS3_9async_msgEE7enqueueEOS5_EUlvE_EEvRNS_11unique_lockINS_5mutexEEET_[_ZNSt3__118condition_variable4waitIZN6spdlog7details19mpmc_blocking_queueINS3_9async_msgEE7enqueueEOS5_EUlvE_EEvRNS_11unique_lockINS_5mutexEEET_]+0x3d): undefined reference to `std::__1::condition_variable::wait(std::__1::unique_lock<std::__1::mutex>&)'
/usr/bin/ld: /root/.conan2/p/b/spdlo3b2989ab5aced/p/lib/libspdlogd.a(async.cpp.o): in function `std::__1::unique_lock<std::__1::mutex>::~unique_lock[abi:ue170006]()':
async.cpp:(.text._ZNSt3__111unique_lockINS_5mutexEED2B8ue170006Ev[_ZNSt3__111unique_lockINS_5mutexEED2B8ue170006Ev]+0x26): undefined reference to `std::__1::mutex::unlock()'
/usr/bin/ld: /root/.conan2/p/b/spdlo3b2989ab5aced/p/lib/libspdlogd.a(async.cpp.o): in function `void std::__1::condition_variable::wait<spdlog::details::mpmc_blocking_queue<spdlog::details::async_msg>::dequeue(spdlog::details::async_msg&)::{lambda()#1}>(std::__1::unique_lock<std::__1::mutex>&, spdlog::details::mpmc_blocking_queue<spdlog::details::async_msg>::dequeue(spdlog::details::async_msg&)::{lambda()#1})':
async.cpp:(.text._ZNSt3__118condition_variable4waitIZN6spdlog7details19mpmc_blocking_queueINS3_9async_msgEE7dequeueERS5_EUlvE_EEvRNS_11unique_lockINS_5mutexEEET_[_ZNSt3__118condition_variable4waitIZN6spdlog7details19mpmc_blocking_queueINS3_9async_msgEE7dequeueERS5_EUlvE_EEvRNS_11unique_lockINS_5mutexEEET_]+0x3d): undefined reference to `std::__1::condition_variable::wait(std::__1::unique_lock<std::__1::mutex>&)'
/usr/bin/ld: /usr/bin/ld: DWARF error: invalid or unhandled FORM value: 0x23
/root/.conan2/p/b/fmt4c212b33d5165/p/lib/libfmtd.a(format.cc.o): in function `fmt::v11::detail::write_loc(fmt::v11::basic_appender<char>, fmt::v11::loc_value, fmt::v11::format_specs const&, fmt::v11::detail::locale_ref)':
format.cc:(.text+0x53c): undefined reference to `std::__1::locale::~locale()'
/usr/bin/ld: format.cc:(.text+0x556): undefined reference to `std::__1::locale::~locale()'
/usr/bin/ld: /root/.conan2/p/b/fmt4c212b33d5165/p/lib/libfmtd.a(format.cc.o): in function `fmt::v11::format_facet<std::__1::locale>::do_put(fmt::v11::basic_appender<char>, fmt::v11::loc_value, fmt::v11::format_specs const&) const':
format.cc:(.text+0x62d): undefined reference to `std::__1::basic_string<char, std::__1::char_traits<char>, std::__1::allocator<char> >::basic_string(std::__1::basic_string<char, std::__1::char_traits<char>, std::__1::allocator<char> > const&)'
/usr/bin/ld: format.cc:(.text+0x648): undefined reference to `std::__1::basic_string<char, std::__1::char_traits<char>, std::__1::allocator<char> >::basic_string(std::__1::basic_string<char, std::__1::char_traits<char>, std::__1::allocator<char> > const&)'
/usr/bin/ld: format.cc:(.text+0x661): undefined reference to `std::__1::basic_string<char, std::__1::char_traits<char>, std::__1::allocator<char> >::basic_string(std::__1::basic_string<char, std::__1::char_traits<char>, std::__1::allocator<char> > const&)'
/usr/bin/ld: format.cc:(.text+0x6c7): undefined reference to `std::__1::basic_string<char, std::__1::char_traits<char>, std::__1::allocator<char> >::~basic_string()'
/usr/bin/ld: format.cc:(.text+0x6d3): undefined reference to `std::__1::basic_string<char, std::__1::char_traits<char>, std::__1::allocator<char> >::~basic_string()'
/usr/bin/ld: /root/.conan2/p/b/fmt4c212b33d5165/p/lib/libfmtd.a(format.cc.o): in function `fmt::v11::vsystem_error(int, fmt::v11::basic_string_view<char>, fmt::v11::basic_format_args<fmt::v11::context>)':
format.cc:(.text+0x73d): undefined reference to `std::__1::generic_category()'
/usr/bin/ld: format.cc:(.text+0x7aa): undefined reference to `std::__1::system_error::system_error(std::__1::error_code, std::__1::basic_string<char, std::__1::char_traits<char>, std::__1::allocator<char> > const&)'
/usr/bin/ld: format.cc:(.text+0x7b8): undefined reference to `std::__1::basic_string<char, std::__1::char_traits<char>, std::__1::allocator<char> >::~basic_string()'
/usr/bin/ld: format.cc:(.text+0x7e3): undefined reference to `std::__1::basic_string<char, std::__1::char_traits<char>, std::__1::allocator<char> >::~basic_string()'
/usr/bin/ld: /root/.conan2/p/b/fmt4c212b33d5165/p/lib/libfmtd.a(format.cc.o): in function `fmt::v11::format_system_error(fmt::v11::detail::buffer<char>&, int, char const*)':
format.cc:(.text+0xb70): undefined reference to `std::__1::generic_category()'
/usr/bin/ld: format.cc:(.text+0xbb0): undefined reference to `std::__1::system_error::system_error(std::__1::error_code, char const*)'
/usr/bin/ld: format.cc:(.text+0xbea): undefined reference to `std::__1::system_error::~system_error()'
/usr/bin/ld: format.cc:(.text+0xc15): undefined reference to `std::__1::system_error::~system_error()'
/usr/bin/ld: /root/.conan2/p/b/fmt4c212b33d5165/p/lib/libfmtd.a(format.cc.o): in function `std::__1::locale fmt::v11::detail::locale_ref::get<std::__1::locale>() const':
format.cc:(.text._ZNK3fmt3v116detail10locale_ref3getINSt3__16localeEEET_v[_ZNK3fmt3v116detail10locale_ref3getINSt3__16localeEEET_v]+0x39): undefined reference to `std::__1::locale::locale(std::__1::locale const&)'
/usr/bin/ld: format.cc:(.text._ZNK3fmt3v116detail10locale_ref3getINSt3__16localeEEET_v[_ZNK3fmt3v116detail10locale_ref3getINSt3__16localeEEET_v]+0x47): undefined reference to `std::__1::locale::locale()'
/usr/bin/ld: /root/.conan2/p/b/fmt4c212b33d5165/p/lib/libfmtd.a(format.cc.o): in function `bool std::__1::has_facet[abi:ue170006]<fmt::v11::format_facet<std::__1::locale> >(std::__1::locale const&)':
format.cc:(.text._ZNSt3__19has_facetB8ue170006IN3fmt3v1112format_facetINS_6localeEEEEEbRKS4_[_ZNSt3__19has_facetB8ue170006IN3fmt3v1112format_facetINS_6localeEEEEEbRKS4_]+0x18): undefined reference to `std::__1::locale::has_facet(std::__1::locale::id&) const'
/usr/bin/ld: /root/.conan2/p/b/fmt4c212b33d5165/p/lib/libfmtd.a(format.cc.o): in function `fmt::v11::format_facet<std::__1::locale> const& std::__1::use_facet[abi:ue170006]<fmt::v11::format_facet<std::__1::locale> >(std::__1::locale const&)':
format.cc:(.text._ZNSt3__19use_facetB8ue170006IN3fmt3v1112format_facetINS_6localeEEEEERKT_RKS4_[_ZNSt3__19use_facetB8ue170006IN3fmt3v1112format_facetINS_6localeEEEEERKT_RKS4_]+0x18): undefined reference to `std::__1::locale::use_facet(std::__1::locale::id&) const'
/usr/bin/ld: /root/.conan2/p/b/fmt4c212b33d5165/p/lib/libfmtd.a(format.cc.o): in function `fmt::v11::format_facet<std::__1::locale>::format_facet(std::__1::locale&)':
format.cc:(.text._ZN3fmt3v1112format_facetINSt3__16localeEEC2ERS3_[_ZN3fmt3v1112format_facetINSt3__16localeEEC2ERS3_]+0xa3): undefined reference to `std::__1::basic_string<char, std::__1::char_traits<char>, std::__1::allocator<char> >::~basic_string()'
/usr/bin/ld: format.cc:(.text._ZN3fmt3v1112format_facetINSt3__16localeEEC2ERS3_[_ZN3fmt3v1112format_facetINSt3__16localeEEC2ERS3_]+0x102): undefined reference to `std::__1::basic_string<char, std::__1::char_traits<char>, std::__1::allocator<char> >::~basic_string()'
/usr/bin/ld: format.cc:(.text._ZN3fmt3v1112format_facetINSt3__16localeEEC2ERS3_[_ZN3fmt3v1112format_facetINSt3__16localeEEC2ERS3_]+0x11c): undefined reference to `std::__1::basic_string<char, std::__1::char_traits<char>, std::__1::allocator<char> >::~basic_string()'
/usr/bin/ld: format.cc:(.text._ZN3fmt3v1112format_facetINSt3__16localeEEC2ERS3_[_ZN3fmt3v1112format_facetINSt3__16localeEEC2ERS3_]+0x125): undefined reference to `std::__1::basic_string<char, std::__1::char_traits<char>, std::__1::allocator<char> >::~basic_string()'
/usr/bin/ld: format.cc:(.text._ZN3fmt3v1112format_facetINSt3__16localeEEC2ERS3_[_ZN3fmt3v1112format_facetINSt3__16localeEEC2ERS3_]+0x12e): undefined reference to `std::__1::basic_string<char, std::__1::char_traits<char>, std::__1::allocator<char> >::~basic_string()'
/usr/bin/ld: format.cc:(.text._ZN3fmt3v1112format_facetINSt3__16localeEEC2ERS3_[_ZN3fmt3v1112format_facetINSt3__16localeEEC2ERS3_]+0x137): undefined reference to `std::__1::locale::facet::~facet()'
/usr/bin/ld: /root/.conan2/p/b/fmt4c212b33d5165/p/lib/libfmtd.a(format.cc.o): in function `fmt::v11::format_facet<std::__1::locale>::~format_facet()':
format.cc:(.text._ZN3fmt3v1112format_facetINSt3__16localeEED2Ev[_ZN3fmt3v1112format_facetINSt3__16localeEED2Ev]+0x27): undefined reference to `std::__1::basic_string<char, std::__1::char_traits<char>, std::__1::allocator<char> >::~basic_string()'
/usr/bin/ld: format.cc:(.text._ZN3fmt3v1112format_facetINSt3__16localeEED2Ev[_ZN3fmt3v1112format_facetINSt3__16localeEED2Ev]+0x34): undefined reference to `std::__1::basic_string<char, std::__1::char_traits<char>, std::__1::allocator<char> >::~basic_string()'
/usr/bin/ld: format.cc:(.text._ZN3fmt3v1112format_facetINSt3__16localeEED2Ev[_ZN3fmt3v1112format_facetINSt3__16localeEED2Ev]+0x41): undefined reference to `std::__1::basic_string<char, std::__1::char_traits<char>, std::__1::allocator<char> >::~basic_string()'
/usr/bin/ld: format.cc:(.text._ZN3fmt3v1112format_facetINSt3__16localeEED2Ev[_ZN3fmt3v1112format_facetINSt3__16localeEED2Ev]+0x4a): undefined reference to `std::__1::locale::facet::~facet()'
/usr/bin/ld: /root/.conan2/p/b/fmt4c212b33d5165/p/lib/libfmtd.a(format.cc.o): in function `fmt::v11::detail::loc_writer<char>::~loc_writer()':
format.cc:(.text._ZN3fmt3v116detail10loc_writerIcED2Ev[_ZN3fmt3v116detail10loc_writerIcED2Ev]+0x19): undefined reference to `std::__1::basic_string<char, std::__1::char_traits<char>, std::__1::allocator<char> >::~basic_string()'
/usr/bin/ld: format.cc:(.text._ZN3fmt3v116detail10loc_writerIcED2Ev[_ZN3fmt3v116detail10loc_writerIcED2Ev]+0x26): undefined reference to `std::__1::basic_string<char, std::__1::char_traits<char>, std::__1::allocator<char> >::~basic_string()'
/usr/bin/ld: format.cc:(.text._ZN3fmt3v116detail10loc_writerIcED2Ev[_ZN3fmt3v116detail10loc_writerIcED2Ev]+0x33): undefined reference to `std::__1::basic_string<char, std::__1::char_traits<char>, std::__1::allocator<char> >::~basic_string()'
/usr/bin/ld: /root/.conan2/p/b/fmt4c212b33d5165/p/lib/libfmtd.a(format.cc.o): in function `std::__1::basic_string<char, std::__1::char_traits<char>, std::__1::allocator<char> > fmt::v11::to_string<char, 500ul>(fmt::v11::basic_memory_buffer<char, 500ul, std::__1::allocator<char> > const&)':
format.cc:(.text._ZN3fmt3v119to_stringIcLm500EEENSt3__112basic_stringIT_NS2_11char_traitsIS4_EENS2_9allocatorIS4_EEEERKNS0_19basic_memory_bufferIS4_XT0_ES8_EE[_ZN3fmt3v119to_stringIcLm500EEENSt3__112basic_stringIT_NS2_11char_traitsIS4_EENS2_9allocatorIS4_EEEERKNS0_19basic_memory_bufferIS4_XT0_ES8_EE]+0x5f): undefined reference to `std::__1::basic_string<char, std::__1::char_traits<char>, std::__1::allocator<char> >::~basic_string()'
/usr/bin/ld: /root/.conan2/p/b/fmt4c212b33d5165/p/lib/libfmtd.a(format.cc.o): in function `fmt::v11::detail::fwrite_fully(void const*, unsigned long, _IO_FILE*)':
format.cc:(.text._ZN3fmt3v116detail12fwrite_fullyEPKvmP8_IO_FILE[_ZN3fmt3v116detail12fwrite_fullyEPKvmP8_IO_FILE]+0xd5): undefined reference to `typeinfo for std::__1::system_error'
/usr/bin/ld: format.cc:(.text._ZN3fmt3v116detail12fwrite_fullyEPKvmP8_IO_FILE[_ZN3fmt3v116detail12fwrite_fullyEPKvmP8_IO_FILE]+0xdc): undefined reference to `std::__1::system_error::~system_error()'
/usr/bin/ld: /root/.conan2/p/b/fmt4c212b33d5165/p/lib/libfmtd.a(format.cc.o): in function `fmt::v11::detail::thousands_sep_result<char> fmt::v11::detail::thousands_sep_impl<char>(fmt::v11::detail::locale_ref)':
format.cc:(.text._ZN3fmt3v116detail18thousands_sep_implIcEENS1_20thousands_sep_resultIT_EENS1_10locale_refE[_ZN3fmt3v116detail18thousands_sep_implIcEENS1_20thousands_sep_resultIT_EENS1_10locale_refE]+0x46): undefined reference to `std::__1::locale::~locale()'
/usr/bin/ld: format.cc:(.text._ZN3fmt3v116detail18thousands_sep_implIcEENS1_20thousands_sep_resultIT_EENS1_10locale_refE[_ZN3fmt3v116detail18thousands_sep_implIcEENS1_20thousands_sep_resultIT_EENS1_10locale_refE]+0xbd): undefined reference to `std::__1::basic_string<char, std::__1::char_traits<char>, std::__1::allocator<char> >::~basic_string()'
/usr/bin/ld: format.cc:(.text._ZN3fmt3v116detail18thousands_sep_implIcEENS1_20thousands_sep_resultIT_EENS1_10locale_refE[_ZN3fmt3v116detail18thousands_sep_implIcEENS1_20thousands_sep_resultIT_EENS1_10locale_refE]+0xdf): undefined reference to `std::__1::locale::~locale()'
/usr/bin/ld: format.cc:(.text._ZN3fmt3v116detail18thousands_sep_implIcEENS1_20thousands_sep_resultIT_EENS1_10locale_refE[_ZN3fmt3v116detail18thousands_sep_implIcEENS1_20thousands_sep_resultIT_EENS1_10locale_refE]+0xf9): undefined reference to `std::__1::basic_string<char, std::__1::char_traits<char>, std::__1::allocator<char> >::~basic_string()'
/usr/bin/ld: /root/.conan2/p/b/fmt4c212b33d5165/p/lib/libfmtd.a(format.cc.o): in function `std::__1::numpunct<char> const& std::__1::use_facet[abi:ue170006]<std::__1::numpunct<char> >(std::__1::locale const&)':
format.cc:(.text._ZNSt3__19use_facetB8ue170006INS_8numpunctIcEEEERKT_RKNS_6localeE[_ZNSt3__19use_facetB8ue170006INS_8numpunctIcEEEERKT_RKNS_6localeE]+0x13): undefined reference to `std::__1::numpunct<char>::id'
/usr/bin/ld: format.cc:(.text._ZNSt3__19use_facetB8ue170006INS_8numpunctIcEEEERKT_RKNS_6localeE[_ZNSt3__19use_facetB8ue170006INS_8numpunctIcEEEERKT_RKNS_6localeE]+0x18): undefined reference to `std::__1::locale::use_facet(std::__1::locale::id&) const'
/usr/bin/ld: /root/.conan2/p/b/fmt4c212b33d5165/p/lib/libfmtd.a(format.cc.o): in function `char fmt::v11::detail::decimal_point_impl<char>(fmt::v11::detail::locale_ref)':
format.cc:(.text._ZN3fmt3v116detail18decimal_point_implIcEET_NS1_10locale_refE[_ZN3fmt3v116detail18decimal_point_implIcEET_NS1_10locale_refE]+0x45): undefined reference to `std::__1::locale::~locale()'
/usr/bin/ld: format.cc:(.text._ZN3fmt3v116detail18decimal_point_implIcEET_NS1_10locale_refE[_ZN3fmt3v116detail18decimal_point_implIcEET_NS1_10locale_refE]+0x66): undefined reference to `std::__1::locale::~locale()'
/usr/bin/ld: /root/.conan2/p/b/fmt4c212b33d5165/p/lib/libfmtd.a(format.cc.o): in function `fmt::v11::detail::thousands_sep_result<wchar_t> fmt::v11::detail::thousands_sep_impl<wchar_t>(fmt::v11::detail::locale_ref)':
format.cc:(.text._ZN3fmt3v116detail18thousands_sep_implIwEENS1_20thousands_sep_resultIT_EENS1_10locale_refE[_ZN3fmt3v116detail18thousands_sep_implIwEENS1_20thousands_sep_resultIT_EENS1_10locale_refE]+0x46): undefined reference to `std::__1::locale::~locale()'
/usr/bin/ld: format.cc:(.text._ZN3fmt3v116detail18thousands_sep_implIwEENS1_20thousands_sep_resultIT_EENS1_10locale_refE[_ZN3fmt3v116detail18thousands_sep_implIwEENS1_20thousands_sep_resultIT_EENS1_10locale_refE]+0xbd): undefined reference to `std::__1::basic_string<char, std::__1::char_traits<char>, std::__1::allocator<char> >::~basic_string()'
/usr/bin/ld: format.cc:(.text._ZN3fmt3v116detail18thousands_sep_implIwEENS1_20thousands_sep_resultIT_EENS1_10locale_refE[_ZN3fmt3v116detail18thousands_sep_implIwEENS1_20thousands_sep_resultIT_EENS1_10locale_refE]+0xdf): undefined reference to `std::__1::locale::~locale()'
/usr/bin/ld: format.cc:(.text._ZN3fmt3v116detail18thousands_sep_implIwEENS1_20thousands_sep_resultIT_EENS1_10locale_refE[_ZN3fmt3v116detail18thousands_sep_implIwEENS1_20thousands_sep_resultIT_EENS1_10locale_refE]+0xf9): undefined reference to `std::__1::basic_string<char, std::__1::char_traits<char>, std::__1::allocator<char> >::~basic_string()'
/usr/bin/ld: /root/.conan2/p/b/fmt4c212b33d5165/p/lib/libfmtd.a(format.cc.o): in function `std::__1::numpunct<wchar_t> const& std::__1::use_facet[abi:ue170006]<std::__1::numpunct<wchar_t> >(std::__1::locale const&)':
format.cc:(.text._ZNSt3__19use_facetB8ue170006INS_8numpunctIwEEEERKT_RKNS_6localeE[_ZNSt3__19use_facetB8ue170006INS_8numpunctIwEEEERKT_RKNS_6localeE]+0x13): undefined reference to `std::__1::numpunct<wchar_t>::id'
/usr/bin/ld: format.cc:(.text._ZNSt3__19use_facetB8ue170006INS_8numpunctIwEEEERKT_RKNS_6localeE[_ZNSt3__19use_facetB8ue170006INS_8numpunctIwEEEERKT_RKNS_6localeE]+0x18): undefined reference to `std::__1::locale::use_facet(std::__1::locale::id&) const'
/usr/bin/ld: /root/.conan2/p/b/fmt4c212b33d5165/p/lib/libfmtd.a(format.cc.o): in function `wchar_t fmt::v11::detail::decimal_point_impl<wchar_t>(fmt::v11::detail::locale_ref)':
format.cc:(.text._ZN3fmt3v116detail18decimal_point_implIwEET_NS1_10locale_refE[_ZN3fmt3v116detail18decimal_point_implIwEET_NS1_10locale_refE]+0x45): undefined reference to `std::__1::locale::~locale()'
/usr/bin/ld: format.cc:(.text._ZN3fmt3v116detail18decimal_point_implIwEET_NS1_10locale_refE[_ZN3fmt3v116detail18decimal_point_implIwEET_NS1_10locale_refE]+0x63): undefined reference to `std::__1::locale::~locale()'
/usr/bin/ld: /root/.conan2/p/b/fmt4c212b33d5165/p/lib/libfmtd.a(format.cc.o): in function `fmt::v11::detail::digit_grouping<char>::digit_grouping(fmt::v11::detail::locale_ref, bool)':
format.cc:(.text._ZN3fmt3v116detail14digit_groupingIcEC2ENS1_10locale_refEb[_ZN3fmt3v116detail14digit_groupingIcEC2ENS1_10locale_refEb]+0x67): undefined reference to `std::__1::basic_string<char, std::__1::char_traits<char>, std::__1::allocator<char> >::operator=(std::__1::basic_string<char, std::__1::char_traits<char>, std::__1::allocator<char> > const&)'
/usr/bin/ld: format.cc:(.text._ZN3fmt3v116detail14digit_groupingIcEC2ENS1_10locale_refEb[_ZN3fmt3v116detail14digit_groupingIcEC2ENS1_10locale_refEb]+0x8c): undefined reference to `std::__1::basic_string<char, std::__1::char_traits<char>, std::__1::allocator<char> >::assign(unsigned long, char)'
/usr/bin/ld: format.cc:(.text._ZN3fmt3v116detail14digit_groupingIcEC2ENS1_10locale_refEb[_ZN3fmt3v116detail14digit_groupingIcEC2ENS1_10locale_refEb]+0xd9): undefined reference to `std::__1::basic_string<char, std::__1::char_traits<char>, std::__1::allocator<char> >::~basic_string()'
/usr/bin/ld: format.cc:(.text._ZN3fmt3v116detail14digit_groupingIcEC2ENS1_10locale_refEb[_ZN3fmt3v116detail14digit_groupingIcEC2ENS1_10locale_refEb]+0xe2): undefined reference to `std::__1::basic_string<char, std::__1::char_traits<char>, std::__1::allocator<char> >::~basic_string()'
/usr/bin/ld: /root/.conan2/p/b/fmt4c212b33d5165/p/lib/libfmtd.a(format.cc.o): in function `fmt::v11::detail::digit_grouping<char>::~digit_grouping()':
format.cc:(.text._ZN3fmt3v116detail14digit_groupingIcED2Ev[_ZN3fmt3v116detail14digit_groupingIcED2Ev]+0x19): undefined reference to `std::__1::basic_string<char, std::__1::char_traits<char>, std::__1::allocator<char> >::~basic_string()'
/usr/bin/ld: format.cc:(.text._ZN3fmt3v116detail14digit_groupingIcED2Ev[_ZN3fmt3v116detail14digit_groupingIcED2Ev]+0x22): undefined reference to `std::__1::basic_string<char, std::__1::char_traits<char>, std::__1::allocator<char> >::~basic_string()'
/usr/bin/ld: /root/.conan2/p/b/fmt4c212b33d5165/p/lib/libfmtd.a(format.cc.o): in function `fmt::v11::detail::thousands_sep_result<char> fmt::v11::detail::thousands_sep<char>(fmt::v11::detail::locale_ref)':
format.cc:(.text._ZN3fmt3v116detail13thousands_sepIcEENS1_20thousands_sep_resultIT_EENS1_10locale_refE[_ZN3fmt3v116detail13thousands_sepIcEENS1_20thousands_sep_resultIT_EENS1_10locale_refE]+0x3d): undefined reference to `std::__1::basic_string<char, std::__1::char_traits<char>, std::__1::allocator<char> >::basic_string(std::__1::basic_string<char, std::__1::char_traits<char>, std::__1::allocator<char> > const&)'
/usr/bin/ld: /root/.conan2/p/b/fmt4c212b33d5165/p/lib/libfmtd.a(format.cc.o): in function `fmt::v11::detail::thousands_sep_result<char>::~thousands_sep_result()':
format.cc:(.text._ZN3fmt3v116detail20thousands_sep_resultIcED2Ev[_ZN3fmt3v116detail20thousands_sep_resultIcED2Ev]+0x11): undefined reference to `std::__1::basic_string<char, std::__1::char_traits<char>, std::__1::allocator<char> >::~basic_string()'
/usr/bin/ld: /root/.conan2/p/b/fmt4c212b33d5165/p/lib/libfmtd.a(format.cc.o): in function `std::__1::locale::facet::facet[abi:ue170006](unsigned long)':
format.cc:(.text._ZNSt3__16locale5facetC2B8ue170006Em[_ZNSt3__16locale5facetC2B8ue170006Em]+0x2c): undefined reference to `vtable for std::__1::locale::facet'
/usr/bin/ld: /root/.conan2/p/b/fmt4c212b33d5165/p/lib/libfmtd.a(format.cc.o): in function `std::__1::basic_string<char, std::__1::char_traits<char>, std::__1::allocator<char> >::basic_string[abi:ue170006](unsigned long, char)':
format.cc:(.text._ZNSt3__112basic_stringIcNS_11char_traitsIcEENS_9allocatorIcEEEC2B8ue170006Emc[_ZNSt3__112basic_stringIcNS_11char_traitsIcEENS_9allocatorIcEEEC2B8ue170006Emc]+0x37): undefined reference to `std::__1::basic_string<char, std::__1::char_traits<char>, std::__1::allocator<char> >::__init(unsigned long, char)'
/usr/bin/ld: /root/.conan2/p/b/fmt4c212b33d5165/p/lib/libfmtd.a(format.cc.o): in function `bool fmt::v11::detail::loc_writer<char>::operator()<int, 0>(int)':
format.cc:(.text._ZN3fmt3v116detail10loc_writerIcEclIiLi0EEEbT_[_ZN3fmt3v116detail10loc_writerIcEclIiLi0EEEbT_]+0x6c): undefined reference to `std::__1::basic_string<char, std::__1::char_traits<char>, std::__1::allocator<char> >::basic_string(std::__1::basic_string<char, std::__1::char_traits<char>, std::__1::allocator<char> > const&)'
/usr/bin/ld: format.cc:(.text._ZN3fmt3v116detail10loc_writerIcEclIiLi0EEEbT_[_ZN3fmt3v116detail10loc_writerIcEclIiLi0EEEbT_]+0x80): undefined reference to `std::__1::basic_string<char, std::__1::char_traits<char>, std::__1::allocator<char> >::basic_string(std::__1::basic_string<char, std::__1::char_traits<char>, std::__1::allocator<char> > const&)'
/usr/bin/ld: format.cc:(.text._ZN3fmt3v116detail10loc_writerIcEclIiLi0EEEbT_[_ZN3fmt3v116detail10loc_writerIcEclIiLi0EEEbT_]+0xe8): undefined reference to `std::__1::basic_string<char, std::__1::char_traits<char>, std::__1::allocator<char> >::~basic_string()'
/usr/bin/ld: format.cc:(.text._ZN3fmt3v116detail10loc_writerIcEclIiLi0EEEbT_[_ZN3fmt3v116detail10loc_writerIcEclIiLi0EEEbT_]+0xf1): undefined reference to `std::__1::basic_string<char, std::__1::char_traits<char>, std::__1::allocator<char> >::~basic_string()'
/usr/bin/ld: format.cc:(.text._ZN3fmt3v116detail10loc_writerIcEclIiLi0EEEbT_[_ZN3fmt3v116detail10loc_writerIcEclIiLi0EEEbT_]+0x153): undefined reference to `std::__1::basic_string<char, std::__1::char_traits<char>, std::__1::allocator<char> >::~basic_string()'
/usr/bin/ld: format.cc:(.text._ZN3fmt3v116detail10loc_writerIcEclIiLi0EEEbT_[_ZN3fmt3v116detail10loc_writerIcEclIiLi0EEEbT_]+0x15c): undefined reference to `std::__1::basic_string<char, std::__1::char_traits<char>, std::__1::allocator<char> >::~basic_string()'
/usr/bin/ld: /root/.conan2/p/b/fmt4c212b33d5165/p/lib/libfmtd.a(format.cc.o): in function `bool fmt::v11::detail::loc_writer<char>::operator()<unsigned int, 0>(unsigned int)':
format.cc:(.text._ZN3fmt3v116detail10loc_writerIcEclIjLi0EEEbT_[_ZN3fmt3v116detail10loc_writerIcEclIjLi0EEEbT_]+0x6c): undefined reference to `std::__1::basic_string<char, std::__1::char_traits<char>, std::__1::allocator<char> >::basic_string(std::__1::basic_string<char, std::__1::char_traits<char>, std::__1::allocator<char> > const&)'
/usr/bin/ld: format.cc:(.text._ZN3fmt3v116detail10loc_writerIcEclIjLi0EEEbT_[_ZN3fmt3v116detail10loc_writerIcEclIjLi0EEEbT_]+0x80): undefined reference to `std::__1::basic_string<char, std::__1::char_traits<char>, std::__1::allocator<char> >::basic_string(std::__1::basic_string<char, std::__1::char_traits<char>, std::__1::allocator<char> > const&)'
/usr/bin/ld: format.cc:(.text._ZN3fmt3v116detail10loc_writerIcEclIjLi0EEEbT_[_ZN3fmt3v116detail10loc_writerIcEclIjLi0EEEbT_]+0xe8): undefined reference to `std::__1::basic_string<char, std::__1::char_traits<char>, std::__1::allocator<char> >::~basic_string()'
/usr/bin/ld: format.cc:(.text._ZN3fmt3v116detail10loc_writerIcEclIjLi0EEEbT_[_ZN3fmt3v116detail10loc_writerIcEclIjLi0EEEbT_]+0xf1): undefined reference to `std::__1::basic_string<char, std::__1::char_traits<char>, std::__1::allocator<char> >::~basic_string()'
/usr/bin/ld: format.cc:(.text._ZN3fmt3v116detail10loc_writerIcEclIjLi0EEEbT_[_ZN3fmt3v116detail10loc_writerIcEclIjLi0EEEbT_]+0x153): undefined reference to `std::__1::basic_string<char, std::__1::char_traits<char>, std::__1::allocator<char> >::~basic_string()'
/usr/bin/ld: format.cc:(.text._ZN3fmt3v116detail10loc_writerIcEclIjLi0EEEbT_[_ZN3fmt3v116detail10loc_writerIcEclIjLi0EEEbT_]+0x15c): undefined reference to `std::__1::basic_string<char, std::__1::char_traits<char>, std::__1::allocator<char> >::~basic_string()'
/usr/bin/ld: /root/.conan2/p/b/fmt4c212b33d5165/p/lib/libfmtd.a(format.cc.o): in function `bool fmt::v11::detail::loc_writer<char>::operator()<long long, 0>(long long)':
format.cc:(.text._ZN3fmt3v116detail10loc_writerIcEclIxLi0EEEbT_[_ZN3fmt3v116detail10loc_writerIcEclIxLi0EEEbT_]+0x72): undefined reference to `std::__1::basic_string<char, std::__1::char_traits<char>, std::__1::allocator<char> >::basic_string(std::__1::basic_string<char, std::__1::char_traits<char>, std::__1::allocator<char> > const&)'
/usr/bin/ld: format.cc:(.text._ZN3fmt3v116detail10loc_writerIcEclIxLi0EEEbT_[_ZN3fmt3v116detail10loc_writerIcEclIxLi0EEEbT_]+0x89): undefined reference to `std::__1::basic_string<char, std::__1::char_traits<char>, std::__1::allocator<char> >::basic_string(std::__1::basic_string<char, std::__1::char_traits<char>, std::__1::allocator<char> > const&)'
/usr/bin/ld: format.cc:(.text._ZN3fmt3v116detail10loc_writerIcEclIxLi0EEEbT_[_ZN3fmt3v116detail10loc_writerIcEclIxLi0EEEbT_]+0xf7): undefined reference to `std::__1::basic_string<char, std::__1::char_traits<char>, std::__1::allocator<char> >::~basic_string()'
/usr/bin/ld: format.cc:(.text._ZN3fmt3v116detail10loc_writerIcEclIxLi0EEEbT_[_ZN3fmt3v116detail10loc_writerIcEclIxLi0EEEbT_]+0x100): undefined reference to `std::__1::basic_string<char, std::__1::char_traits<char>, std::__1::allocator<char> >::~basic_string()'
/usr/bin/ld: format.cc:(.text._ZN3fmt3v116detail10loc_writerIcEclIxLi0EEEbT_[_ZN3fmt3v116detail10loc_writerIcEclIxLi0EEEbT_]+0x165): undefined reference to `std::__1::basic_string<char, std::__1::char_traits<char>, std::__1::allocator<char> >::~basic_string()'
/usr/bin/ld: format.cc:(.text._ZN3fmt3v116detail10loc_writerIcEclIxLi0EEEbT_[_ZN3fmt3v116detail10loc_writerIcEclIxLi0EEEbT_]+0x16e): undefined reference to `std::__1::basic_string<char, std::__1::char_traits<char>, std::__1::allocator<char> >::~basic_string()'
/usr/bin/ld: /root/.conan2/p/b/fmt4c212b33d5165/p/lib/libfmtd.a(format.cc.o): in function `bool fmt::v11::detail::loc_writer<char>::operator()<unsigned long long, 0>(unsigned long long)':
format.cc:(.text._ZN3fmt3v116detail10loc_writerIcEclIyLi0EEEbT_[_ZN3fmt3v116detail10loc_writerIcEclIyLi0EEEbT_]+0x72): undefined reference to `std::__1::basic_string<char, std::__1::char_traits<char>, std::__1::allocator<char> >::basic_string(std::__1::basic_string<char, std::__1::char_traits<char>, std::__1::allocator<char> > const&)'
/usr/bin/ld: format.cc:(.text._ZN3fmt3v116detail10loc_writerIcEclIyLi0EEEbT_[_ZN3fmt3v116detail10loc_writerIcEclIyLi0EEEbT_]+0x89): undefined reference to `std::__1::basic_string<char, std::__1::char_traits<char>, std::__1::allocator<char> >::basic_string(std::__1::basic_string<char, std::__1::char_traits<char>, std::__1::allocator<char> > const&)'
/usr/bin/ld: format.cc:(.text._ZN3fmt3v116detail10loc_writerIcEclIyLi0EEEbT_[_ZN3fmt3v116detail10loc_writerIcEclIyLi0EEEbT_]+0xf7): undefined reference to `std::__1::basic_string<char, std::__1::char_traits<char>, std::__1::allocator<char> >::~basic_string()'
/usr/bin/ld: format.cc:(.text._ZN3fmt3v116detail10loc_writerIcEclIyLi0EEEbT_[_ZN3fmt3v116detail10loc_writerIcEclIyLi0EEEbT_]+0x100): undefined reference to `std::__1::basic_string<char, std::__1::char_traits<char>, std::__1::allocator<char> >::~basic_string()'
/usr/bin/ld: format.cc:(.text._ZN3fmt3v116detail10loc_writerIcEclIyLi0EEEbT_[_ZN3fmt3v116detail10loc_writerIcEclIyLi0EEEbT_]+0x165): undefined reference to `std::__1::basic_string<char, std::__1::char_traits<char>, std::__1::allocator<char> >::~basic_string()'
/usr/bin/ld: format.cc:(.text._ZN3fmt3v116detail10loc_writerIcEclIyLi0EEEbT_[_ZN3fmt3v116detail10loc_writerIcEclIyLi0EEEbT_]+0x16e): undefined reference to `std::__1::basic_string<char, std::__1::char_traits<char>, std::__1::allocator<char> >::~basic_string()'
/usr/bin/ld: /root/.conan2/p/b/fmt4c212b33d5165/p/lib/libfmtd.a(format.cc.o): in function `bool fmt::v11::detail::loc_writer<char>::operator()<__int128, 0>(__int128)':
format.cc:(.text._ZN3fmt3v116detail10loc_writerIcEclInLi0EEEbT_[_ZN3fmt3v116detail10loc_writerIcEclInLi0EEEbT_]+0xa5): undefined reference to `std::__1::basic_string<char, std::__1::char_traits<char>, std::__1::allocator<char> >::basic_string(std::__1::basic_string<char, std::__1::char_traits<char>, std::__1::allocator<char> > const&)'
/usr/bin/ld: format.cc:(.text._ZN3fmt3v116detail10loc_writerIcEclInLi0EEEbT_[_ZN3fmt3v116detail10loc_writerIcEclInLi0EEEbT_]+0xbc): undefined reference to `std::__1::basic_string<char, std::__1::char_traits<char>, std::__1::allocator<char> >::basic_string(std::__1::basic_string<char, std::__1::char_traits<char>, std::__1::allocator<char> > const&)'
/usr/bin/ld: format.cc:(.text._ZN3fmt3v116detail10loc_writerIcEclInLi0EEEbT_[_ZN3fmt3v116detail10loc_writerIcEclInLi0EEEbT_]+0x159): undefined reference to `std::__1::basic_string<char, std::__1::char_traits<char>, std::__1::allocator<char> >::~basic_string()'
/usr/bin/ld: format.cc:(.text._ZN3fmt3v116detail10loc_writerIcEclInLi0EEEbT_[_ZN3fmt3v116detail10loc_writerIcEclInLi0EEEbT_]+0x165): undefined reference to `std::__1::basic_string<char, std::__1::char_traits<char>, std::__1::allocator<char> >::~basic_string()'
/usr/bin/ld: format.cc:(.text._ZN3fmt3v116detail10loc_writerIcEclInLi0EEEbT_[_ZN3fmt3v116detail10loc_writerIcEclInLi0EEEbT_]+0x1cd): undefined reference to `std::__1::basic_string<char, std::__1::char_traits<char>, std::__1::allocator<char> >::~basic_string()'
/usr/bin/ld: format.cc:(.text._ZN3fmt3v116detail10loc_writerIcEclInLi0EEEbT_[_ZN3fmt3v116detail10loc_writerIcEclInLi0EEEbT_]+0x1d9): undefined reference to `std::__1::basic_string<char, std::__1::char_traits<char>, std::__1::allocator<char> >::~basic_string()'
/usr/bin/ld: /root/.conan2/p/b/fmt4c212b33d5165/p/lib/libfmtd.a(format.cc.o): in function `bool fmt::v11::detail::loc_writer<char>::operator()<unsigned __int128, 0>(unsigned __int128)':
format.cc:(.text._ZN3fmt3v116detail10loc_writerIcEclIoLi0EEEbT_[_ZN3fmt3v116detail10loc_writerIcEclIoLi0EEEbT_]+0xa5): undefined reference to `std::__1::basic_string<char, std::__1::char_traits<char>, std::__1::allocator<char> >::basic_string(std::__1::basic_string<char, std::__1::char_traits<char>, std::__1::allocator<char> > const&)'
/usr/bin/ld: format.cc:(.text._ZN3fmt3v116detail10loc_writerIcEclIoLi0EEEbT_[_ZN3fmt3v116detail10loc_writerIcEclIoLi0EEEbT_]+0xbc): undefined reference to `std::__1::basic_string<char, std::__1::char_traits<char>, std::__1::allocator<char> >::basic_string(std::__1::basic_string<char, std::__1::char_traits<char>, std::__1::allocator<char> > const&)'
/usr/bin/ld: format.cc:(.text._ZN3fmt3v116detail10loc_writerIcEclIoLi0EEEbT_[_ZN3fmt3v116detail10loc_writerIcEclIoLi0EEEbT_]+0x159): undefined reference to `std::__1::basic_string<char, std::__1::char_traits<char>, std::__1::allocator<char> >::~basic_string()'
/usr/bin/ld: format.cc:(.text._ZN3fmt3v116detail10loc_writerIcEclIoLi0EEEbT_[_ZN3fmt3v116detail10loc_writerIcEclIoLi0EEEbT_]+0x165): undefined reference to `std::__1::basic_string<char, std::__1::char_traits<char>, std::__1::allocator<char> >::~basic_string()'
/usr/bin/ld: format.cc:(.text._ZN3fmt3v116detail10loc_writerIcEclIoLi0EEEbT_[_ZN3fmt3v116detail10loc_writerIcEclIoLi0EEEbT_]+0x1cd): undefined reference to `std::__1::basic_string<char, std::__1::char_traits<char>, std::__1::allocator<char> >::~basic_string()'
/usr/bin/ld: format.cc:(.text._ZN3fmt3v116detail10loc_writerIcEclIoLi0EEEbT_[_ZN3fmt3v116detail10loc_writerIcEclIoLi0EEEbT_]+0x1d9): undefined reference to `std::__1::basic_string<char, std::__1::char_traits<char>, std::__1::allocator<char> >::~basic_string()'
/usr/bin/ld: /root/.conan2/p/b/fmt4c212b33d5165/p/lib/libfmtd.a(format.cc.o):(.data.rel.ro._ZTVN3fmt3v1112format_facetINSt3__16localeEEE[_ZTVN3fmt3v1112format_facetINSt3__16localeEEE]+0x20): undefined reference to `std::__1::locale::facet::__on_zero_shared()'
/usr/bin/ld: /root/.conan2/p/b/fmt4c212b33d5165/p/lib/libfmtd.a(format.cc.o):(.data.rel.ro._ZTIN3fmt3v1112format_facetINSt3__16localeEEE[_ZTIN3fmt3v1112format_facetINSt3__16localeEEE]+0x10): undefined reference to `typeinfo for std::__1::locale::facet'
collect2: error: ld returned 1 exit status
gmake[2]: *** [CMakeFiles/file_platform.dir/build.make:114: ../../bin/file_platform] Error 1
gmake[1]: *** [CMakeFiles/Makefile2:122: CMakeFiles/file_platform.dir/all] Error 2
gmake[1]: *** Waiting for unfinished jobs....
In file included from /root/Cross_platform_file_transfer_tool-main/Cross_platform_file_transfer_tool-main/tests/test14.cpp:5:
/root/Cross_platform_file_transfer_tool-main/Cross_platform_file_transfer_tool-main/include/tests/MockSdk.h:468:8: error: ‘optional’ in namespace ‘std’ does not name a template type
  468 |   std::optional<std::tuple<uint32_t, size_t, bool>> readShape_;
      |        ^~~~~~~~
/root/Cross_platform_file_transfer_tool-main/Cross_platform_file_transfer_tool-main/include/tests/MockSdk.h:20:1: note: ‘std::optional’ is defined in header ‘<optional>’; did you forget to ‘#include <optional>’?
   19 | #include "OPCUAPacking/Isdk.h" // 按工程实际路径
  +++ |+#include <optional>
   20 | 
/root/Cross_platform_file_transfer_tool-main/Cross_platform_file_transfer_tool-main/include/tests/MockSdk.h:469:8: error: ‘optional’ in namespace ‘std’ does not name a template type
  469 |   std::optional<std::tuple<uint32_t, size_t>> writeShape_;
      |        ^~~~~~~~
/root/Cross_platform_file_transfer_tool-main/Cross_platform_file_transfer_tool-main/include/tests/MockSdk.h:469:3: note: ‘std::optional’ is defined in header ‘<optional>’; did you forget to ‘#include <optional>’?
  469 |   std::optional<std::tuple<uint32_t, size_t>> writeShape_;
      |   ^~~
/root/Cross_platform_file_transfer_tool-main/Cross_platform_file_transfer_tool-main/include/tests/MockSdk.h: In member function ‘virtual UA_ReadResponse MockSdk::serviceRead(UA_Client*, const UA_ReadRequest&)’:
/root/Cross_platform_file_transfer_tool-main/Cross_platform_file_transfer_tool-main/include/tests/MockSdk.h:195:11: error: ‘readShape_’ was not declared in this scope
  195 |       if (readShape_.has_value()) {
      |           ^~~~~~~~~~
/root/Cross_platform_file_transfer_tool-main/Cross_platform_file_transfer_tool-main/include/tests/MockSdk.h: In member function ‘virtual UA_WriteResponse MockSdk::serviceWrite(UA_Client*, const UA_WriteRequest&)’:
/root/Cross_platform_file_transfer_tool-main/Cross_platform_file_transfer_tool-main/include/tests/MockSdk.h:235:11: error: ‘writeShape_’ was not declared in this scope; did you mean ‘writeScript_’?
  235 |       if (writeShape_.has_value()) {
      |           ^~~~~~~~~~~
      |           writeScript_
/root/Cross_platform_file_transfer_tool-main/Cross_platform_file_transfer_tool-main/include/tests/MockSdk.h: In member function ‘void MockSdk::setReadResponseShape(uint32_t, size_t, bool)’:
/root/Cross_platform_file_transfer_tool-main/Cross_platform_file_transfer_tool-main/include/tests/MockSdk.h:333:5: error: ‘readShape_’ was not declared in this scope
  333 |     readShape_ = std::make_tuple(serviceResult, resultsSize, allocResults);
      |     ^~~~~~~~~~
/root/Cross_platform_file_transfer_tool-main/Cross_platform_file_transfer_tool-main/include/tests/MockSdk.h: In member function ‘void MockSdk::setWriteResponseShape(uint32_t, size_t)’:
/root/Cross_platform_file_transfer_tool-main/Cross_platform_file_transfer_tool-main/include/tests/MockSdk.h:353:5: error: ‘writeShape_’ was not declared in this scope; did you mean ‘writeScript_’?
  353 |     writeShape_ = std::make_tuple(serviceResult, resultsSize);
      |     ^~~~~~~~~~~
      |     writeScript_
/root/Cross_platform_file_transfer_tool-main/Cross_platform_file_transfer_tool-main/include/tests/MockSdk.h: In member function ‘void MockSdk::resetResponseShape()’:
/root/Cross_platform_file_transfer_tool-main/Cross_platform_file_transfer_tool-main/include/tests/MockSdk.h:359:5: error: ‘readShape_’ was not declared in this scope
  359 |     readShape_.reset();
      |     ^~~~~~~~~~
/root/Cross_platform_file_transfer_tool-main/Cross_platform_file_transfer_tool-main/include/tests/MockSdk.h:360:5: error: ‘writeShape_’ was not declared in this scope; did you mean ‘writeScript_’?
  360 |     writeShape_.reset();
      |     ^~~~~~~~~~~
      |     writeScript_
At global scope:
cc1plus: note: unrecognized command-line option ‘-Wno-unused-command-line-argument’ may have been intended to silence earlier diagnostics
gmake[2]: *** [tests-build/CMakeFiles/tests.dir/build.make:258: tests-build/CMakeFiles/tests.dir/test14.cpp.o] Error 1
gmake[1]: *** [CMakeFiles/Makefile2:174: tests-build/CMakeFiles/tests.dir/all] Error 2
gmake: *** [Makefile:101: all] Error 2
